id,season,city,date,team1,team2,toss_winner,toss_decision,result,dl_applied,winner,win_by_runs,win_by_wickets,player_of_match,venue,umpire1,umpire2,umpire3
1,2017,Hyderabad,05-04-2017,SH,RCB,RCB,field,normal,0,SH,35,0,Yuvraj Singh,"Rajiv Gandhi International Stadium, Uppal",AY Dandekar,NJ Llong,
2,2017,Pune,06-04-2017,MI,RPS,RPS,field,normal,0,RPS,0,7,SPD Smith,Maharashtra Cricket Association Stadium,A Nand Kishore,S Ravi,
3,2017,Rajkot,07-04-2017,GL,KKR,KKR,field,normal,0,KKR,0,10,CA Lynn,Saurashtra Cricket Association Stadium,Nitin Menon,CK Nandan,
4,2017,Indore,08-04-2017,RPS,KXP,KXP,field,normal,0,KXP,0,6,GJ Maxwell,Holkar Cricket Stadium,AK Chaudhary,C Shamshuddin,
5,2017,Bangalore,08-04-2017,RCB,DD,RCB,bat,normal,0,RCB,15,0,KM Jadhav,M Chinnaswamy Stadium,,,
6,2017,Hyderabad,09-04-2017,GL,SH,SH,field,normal,0,SH,0,9,Rashid Khan,"Rajiv Gandhi International Stadium, Uppal",A Deshmukh,NJ Llong,
7,2017,Mumbai,09-04-2017,KKR,MI,MI,field,normal,0,MI,0,4,N Rana,Wankhede Stadium,Nitin Menon,CK Nandan,
8,2017,Indore,10-04-2017,RCB,KXP,RCB,bat,normal,0,KXP,0,8,AR Patel,Holkar Cricket Stadium,AK Chaudhary,C Shamshuddin,
9,2017,Pune,11-04-2017,DD,RPS,RPS,field,normal,0,DD,97,0,SV Samson,Maharashtra Cricket Association Stadium,AY Dandekar,S Ravi,
10,2017,Mumbai,12-04-2017,SH,MI,MI,field,normal,0,MI,0,4,JJ Bumrah,Wankhede Stadium,Nitin Menon,CK Nandan,
11,2017,Kolkata,13-04-2017,KXP,KKR,KKR,field,normal,0,KKR,0,8,SP Narine,Eden Gardens,A Deshmukh,NJ Llong,
12,2017,Bangalore,14-04-2017,RCB,MI,MI,field,normal,0,MI,0,4,KA Pollard,M Chinnaswamy Stadium,KN Ananthapadmanabhan,AK Chaudhary,
13,2017,Rajkot,14-04-2017,RPS,GL,GL,field,normal,0,GL,0,7,AJ Tye,Saurashtra Cricket Association Stadium,A Nand Kishore,S Ravi,
14,2017,Kolkata,15-04-2017,KKR,SH,SH,field,normal,0,KKR,17,0,RV Uthappa,Eden Gardens,AY Dandekar,NJ Llong,
15,2017,Delhi,15-04-2017,DD,KXP,DD,bat,normal,0,DD,51,0,CJ Anderson,Feroz Shah Kotla,YC Barde,Nitin Menon,
16,2017,Mumbai,16-04-2017,GL,MI,MI,field,normal,0,MI,0,6,N Rana,Wankhede Stadium,A Nand Kishore,S Ravi,
17,2017,Bangalore,16-04-2017,RPS,RCB,RCB,field,normal,0,RPS,27,0,BA Stokes,M Chinnaswamy Stadium,KN Ananthapadmanabhan,C Shamshuddin,
18,2017,Delhi,17-04-2017,DD,KKR,DD,bat,normal,0,KKR,0,4,NM Coulter-Nile,Feroz Shah Kotla,Nitin Menon,CK Nandan,
19,2017,Hyderabad,17-04-2017,SH,KXP,KXP,field,normal,0,SH,5,0,B Kumar,"Rajiv Gandhi International Stadium, Uppal",AY Dandekar,A Deshmukh,
20,2017,Rajkot,18-04-2017,RCB,GL,GL,field,normal,0,RCB,21,0,CH Gayle,Saurashtra Cricket Association Stadium,S Ravi,VK Sharma,
21,2017,Hyderabad,19-04-2017,SH,DD,SH,bat,normal,0,SH,15,0,KS Williamson,"Rajiv Gandhi International Stadium, Uppal",CB Gaffaney,NJ Llong,
22,2017,Indore,20-04-2017,KXP,MI,MI,field,normal,0,MI,0,8,JC Buttler,Holkar Cricket Stadium,M Erasmus,C Shamshuddin,
23,2017,Kolkata,21-04-2017,KKR,GL,GL,field,normal,0,GL,0,4,SK Raina,Eden Gardens,CB Gaffaney,Nitin Menon,
24,2017,Mumbai,22-04-2017,MI,DD,DD,field,normal,0,MI,14,0,MJ McClenaghan,Wankhede Stadium,A Nand Kishore,S Ravi,
25,2017,Pune,22-04-2017,SH,RPS,RPS,field,normal,0,RPS,0,6,MS Dhoni,Maharashtra Cricket Association Stadium,AY Dandekar,A Deshmukh,
26,2017,Rajkot,23-04-2017,KXP,GL,GL,field,normal,0,KXP,26,0,HM Amla,Saurashtra Cricket Association Stadium,AK Chaudhary,M Erasmus,
27,2017,Kolkata,23-04-2017,KKR,RCB,RCB,field,normal,0,KKR,82,0,NM Coulter-Nile,Eden Gardens,CB Gaffaney,CK Nandan,
28,2017,Mumbai,24-04-2017,RPS,MI,MI,field,normal,0,RPS,3,0,BA Stokes,Wankhede Stadium,A Nand Kishore,S Ravi,
29,2017,Pune,26-04-2017,RPS,KKR,KKR,field,normal,0,KKR,0,7,RV Uthappa,Maharashtra Cricket Association Stadium,AY Dandekar,NJ Llong,
30,2017,Bangalore,27-04-2017,RCB,GL,GL,field,normal,0,GL,0,7,AJ Tye,M Chinnaswamy Stadium,AK Chaudhary,C Shamshuddin,
31,2017,Kolkata,28-04-2017,DD,KKR,KKR,field,normal,0,KKR,0,7,G Gambhir,Eden Gardens,NJ Llong,S Ravi,
32,2017,Chandigarh,28-04-2017,SH,KXP,KXP,field,normal,0,SH,26,0,Rashid Khan,"Punjab Cricket Association IS Bindra Stadium, Mohali",Nitin Menon,CK Nandan,
33,2017,Pune,29-04-2017,RPS,RCB,RCB,field,normal,0,RPS,61,0,LH Ferguson,Maharashtra Cricket Association Stadium,KN Ananthapadmanabhan,M Erasmus,
34,2017,Rajkot,29-04-2017,GL,MI,GL,bat,tie,0,MI,0,0,KH Pandya,Saurashtra Cricket Association Stadium,AK Chaudhary,CB Gaffaney,
35,2017,Chandigarh,30-04-2017,DD,KXP,KXP,field,normal,0,KXP,0,10,Sandeep Sharma,"Punjab Cricket Association IS Bindra Stadium, Mohali",YC Barde,CK Nandan,
36,2017,Hyderabad,30-04-2017,SH,KKR,KKR,field,normal,0,SH,48,0,DA Warner,"Rajiv Gandhi International Stadium, Uppal",AY Dandekar,S Ravi,
37,2017,Mumbai,01-05-2017,RCB,MI,RCB,bat,normal,0,MI,0,5,RG Sharma,Wankhede Stadium,AK Chaudhary,CB Gaffaney,
38,2017,Pune,01-05-2017,GL,RPS,RPS,field,normal,0,RPS,0,5,BA Stokes,Maharashtra Cricket Association Stadium,M Erasmus,C Shamshuddin,
39,2017,Delhi,02-05-2017,SH,DD,DD,field,normal,0,DD,0,6,Mohammed Shami,Feroz Shah Kotla,YC Barde,Nitin Menon,
40,2017,Kolkata,03-05-2017,KKR,RPS,RPS,field,normal,0,RPS,0,4,RA Tripathi,Eden Gardens,KN Ananthapadmanabhan,A Nand Kishore,
41,2017,Delhi,04-05-2017,GL,DD,DD,field,normal,0,DD,0,7,RR Pant,Feroz Shah Kotla,M Erasmus,Nitin Menon,
42,2017,Bangalore,05-05-2017,KXP,RCB,RCB,field,normal,0,KXP,19,0,Sandeep Sharma,M Chinnaswamy Stadium,CB Gaffaney,C Shamshuddin,
43,2017,Hyderabad,06-05-2017,RPS,SH,SH,field,normal,0,RPS,12,0,JD Unadkat,"Rajiv Gandhi International Stadium, Uppal",KN Ananthapadmanabhan,AK Chaudhary,
44,2017,Delhi,06-05-2017,MI,DD,DD,field,normal,0,MI,146,0,LMP Simmons,Feroz Shah Kotla,Nitin Menon,CK Nandan,
45,2017,Bangalore,07-05-2017,RCB,KKR,KKR,field,normal,0,KKR,0,6,SP Narine,M Chinnaswamy Stadium,AY Dandekar,C Shamshuddin,
46,2017,Chandigarh,07-05-2017,KXP,GL,GL,field,normal,0,GL,0,6,DR Smith,"Punjab Cricket Association IS Bindra Stadium, Mohali",A Nand Kishore,VK Sharma,
47,2017,Hyderabad,08-05-2017,MI,SH,MI,bat,normal,0,SH,0,7,S Dhawan,"Rajiv Gandhi International Stadium, Uppal",KN Ananthapadmanabhan,M Erasmus,
48,2017,Chandigarh,09-05-2017,KXP,KKR,KKR,field,normal,0,KXP,14,0,MM Sharma,"Punjab Cricket Association IS Bindra Stadium, Mohali",A Nand Kishore,S Ravi,
49,2017,Kanpur,10-05-2017,GL,DD,DD,field,normal,0,DD,0,2,SS Iyer,Green Park,YC Barde,AK Chaudhary,
50,2017,Mumbai,11-05-2017,KXP,MI,MI,field,normal,0,KXP,7,0,WP Saha,Wankhede Stadium,A Deshmukh,A Nand Kishore,
51,2017,Delhi,12-05-2017,DD,RPS,DD,bat,normal,0,DD,7,0,KK Nair,Feroz Shah Kotla,KN Ananthapadmanabhan,CK Nandan,
52,2017,Kanpur,13-05-2017,GL,SH,SH,field,normal,0,SH,0,8,Mohammed Siraj,Green Park,AK Chaudhary,Nitin Menon,
53,2017,Kolkata,13-05-2017,MI,KKR,KKR,field,normal,0,MI,9,0,AT Rayudu,Eden Gardens,A Nand Kishore,S Ravi,
54,2017,Pune,14-05-2017,KXP,RPS,RPS,field,normal,0,RPS,0,9,JD Unadkat,Maharashtra Cricket Association Stadium,AY Dandekar,A Deshmukh,
55,2017,Delhi,14-05-2017,RCB,DD,RCB,bat,normal,0,RCB,10,0,HV Patel,Feroz Shah Kotla,CK Nandan,C Shamshuddin,
56,2017,Mumbai,16-05-2017,RPS,MI,MI,field,normal,0,RPS,20,0,Washington Sundar,Wankhede Stadium,S Ravi,C Shamshuddin,
57,2017,Bangalore,17-05-2017,SH,KKR,KKR,field,normal,1,KKR,0,7,NM Coulter-Nile,M Chinnaswamy Stadium,AK Chaudhary,Nitin Menon,
58,2017,Bangalore,19-05-2017,KKR,MI,MI,field,normal,0,MI,0,6,KV Sharma,M Chinnaswamy Stadium,NJ Llong,Nitin Menon,
59,2017,Hyderabad,21-05-2017,MI,RPS,MI,bat,normal,0,MI,1,0,KH Pandya,"Rajiv Gandhi International Stadium, Uppal",NJ Llong,S Ravi,
60,2008,Bangalore,18-04-2008,KKR,RCB,RCB,field,normal,0,KKR,140,0,BB McCullum,M Chinnaswamy Stadium,Asad Rauf,RE Koertzen,
61,2008,Chandigarh,19-04-2008,CSK,KXP,CSK,bat,normal,0,CSK,33,0,MEK Hussey,"Punjab Cricket Association Stadium, Mohali",MR Benson,SL Shastri,
62,2008,Delhi,19-04-2008,RR,DD,RR,bat,normal,0,DD,0,9,MF Maharoof,Feroz Shah Kotla,Aleem Dar,GA Pratapkumar,
63,2008,Mumbai,20-04-2008,MI,RCB,MI,bat,normal,0,RCB,0,5,MV Boucher,Wankhede Stadium,SJ Davis,DJ Harper,
64,2008,Kolkata,20-04-2008,DCH,KKR,DCH,bat,normal,0,KKR,0,5,DJ Hussey,Eden Gardens,BF Bowden,K Hariharan,
65,2008,Jaipur,21-04-2008,KXP,RR,KXP,bat,normal,0,RR,0,6,SR Watson,Sawai Mansingh Stadium,Aleem Dar,RB Tiffin,
66,2008,Hyderabad,22-04-2008,DCH,DD,DCH,bat,normal,0,DD,0,9,V Sehwag,"Rajiv Gandhi International Stadium, Uppal",IL Howell,AM Saheba,
67,2008,Chennai,23-04-2008,CSK,MI,MI,field,normal,0,CSK,6,0,ML Hayden,"MA Chidambaram Stadium, Chepauk",DJ Harper,GA Pratapkumar,
68,2008,Hyderabad,24-04-2008,DCH,RR,RR,field,normal,0,RR,0,3,YK Pathan,"Rajiv Gandhi International Stadium, Uppal",Asad Rauf,MR Benson,
69,2008,Chandigarh,25-04-2008,KXP,MI,MI,field,normal,0,KXP,66,0,KC Sangakkara,"Punjab Cricket Association Stadium, Mohali",Aleem Dar,AM Saheba,
70,2008,Bangalore,26-04-2008,RCB,RR,RR,field,normal,0,RR,0,7,SR Watson,M Chinnaswamy Stadium,MR Benson,IL Howell,
71,2008,Chennai,26-04-2008,KKR,CSK,KKR,bat,normal,0,CSK,0,9,JDP Oram,"MA Chidambaram Stadium, Chepauk",BF Bowden,AV Jayaprakash,
72,2008,Mumbai,27-04-2008,MI,DCH,DCH,field,normal,0,DCH,0,10,AC Gilchrist,Dr DY Patil Sports Academy,Asad Rauf,SL Shastri,
73,2008,Chandigarh,27-04-2008,DD,KXP,DD,bat,normal,0,KXP,0,4,SM Katich,"Punjab Cricket Association Stadium, Mohali",RE Koertzen,I Shivram,
74,2008,Bangalore,28-04-2008,CSK,RCB,CSK,bat,normal,0,CSK,13,0,MS Dhoni,M Chinnaswamy Stadium,BR Doctrove,RB Tiffin,
75,2008,Kolkata,29-04-2008,KKR,MI,KKR,bat,normal,0,MI,0,7,ST Jayasuriya,Eden Gardens,BF Bowden,AV Jayaprakash,
76,2008,Delhi,30-04-2008,DD,RCB,RCB,field,normal,0,DD,10,0,GD McGrath,Feroz Shah Kotla,Aleem Dar,I Shivram,
77,2008,Hyderabad,01-05-2008,DCH,KXP,KXP,field,normal,0,KXP,0,7,SE Marsh,"Rajiv Gandhi International Stadium, Uppal",BR Doctrove,RB Tiffin,
78,2008,Jaipur,01-05-2008,RR,KKR,RR,bat,normal,0,RR,45,0,SA Asnodkar,Sawai Mansingh Stadium,RE Koertzen,GA Pratapkumar,
79,2008,Chennai,02-05-2008,CSK,DD,CSK,bat,normal,0,DD,0,8,V Sehwag,"MA Chidambaram Stadium, Chepauk",BF Bowden,K Hariharan,
80,2008,Hyderabad,25-05-2008,DCH,RCB,DCH,bat,normal,0,RCB,0,5,R Vinay Kumar,"Rajiv Gandhi International Stadium, Uppal",Asad Rauf,RE Koertzen,
81,2008,Chandigarh,03-05-2008,KXP,KKR,KXP,bat,normal,0,KXP,9,0,IK Pathan,"Punjab Cricket Association Stadium, Mohali",DJ Harper,I Shivram,
82,2008,Mumbai,04-05-2008,MI,DD,DD,field,normal,0,MI,29,0,SM Pollock,Dr DY Patil Sports Academy,IL Howell,RE Koertzen,
83,2008,Jaipur,04-05-2008,CSK,RR,CSK,bat,normal,0,RR,0,8,Sohail Tanvir,Sawai Mansingh Stadium,Asad Rauf,AV Jayaprakash,
84,2008,Bangalore,05-05-2008,RCB,KXP,KXP,field,normal,0,KXP,0,6,S Sreesanth,M Chinnaswamy Stadium,SJ Davis,BR Doctrove,
85,2008,Chennai,06-05-2008,CSK,DCH,DCH,field,normal,0,DCH,0,7,AC Gilchrist,"MA Chidambaram Stadium, Chepauk",MR Benson,RB Tiffin,
86,2008,Mumbai,07-05-2008,RR,MI,MI,field,normal,0,MI,0,7,A Nehra,Dr DY Patil Sports Academy,DJ Harper,RE Koertzen,
87,2008,Delhi,08-05-2008,DD,CSK,CSK,field,normal,0,CSK,0,4,MS Dhoni,Feroz Shah Kotla,Aleem Dar,RB Tiffin,
88,2008,Kolkata,08-05-2008,KKR,RCB,KKR,bat,normal,0,KKR,5,0,SC Ganguly,Eden Gardens,Asad Rauf,IL Howell,
89,2008,Jaipur,09-05-2008,DCH,RR,RR,field,normal,0,RR,0,8,YK Pathan,Sawai Mansingh Stadium,MR Benson,AM Saheba,
90,2008,Bangalore,28-05-2008,RCB,MI,MI,field,normal,0,MI,0,9,CRD Fernando,M Chinnaswamy Stadium,BF Bowden,AV Jayaprakash,
91,2008,Chennai,10-05-2008,CSK,KXP,KXP,field,normal,0,CSK,18,0,L Balaji,"MA Chidambaram Stadium, Chepauk",AV Jayaprakash,BG Jerling,
92,2008,Hyderabad,11-05-2008,KKR,DCH,KKR,bat,normal,0,KKR,23,0,SC Ganguly,"Rajiv Gandhi International Stadium, Uppal",IL Howell,AM Saheba,
93,2008,Jaipur,11-05-2008,DD,RR,RR,field,normal,0,RR,0,3,SR Watson,Sawai Mansingh Stadium,SJ Davis,RE Koertzen,
94,2008,Chandigarh,12-05-2008,RCB,KXP,RCB,bat,normal,0,KXP,0,9,SE Marsh,"Punjab Cricket Association Stadium, Mohali",BR Doctrove,I Shivram,
95,2008,Kolkata,13-05-2008,KKR,DD,KKR,bat,normal,0,KKR,23,0,Shoaib Akhtar,Eden Gardens,Asad Rauf,IL Howell,
96,2008,Mumbai,14-05-2008,CSK,MI,MI,field,normal,0,MI,0,9,ST Jayasuriya,Wankhede Stadium,BR Doctrove,AM Saheba,
97,2008,Chandigarh,28-05-2008,KXP,RR,RR,field,normal,0,KXP,41,0,SE Marsh,"Punjab Cricket Association Stadium, Mohali",SJ Davis,K Hariharan,
98,2008,Delhi,15-05-2008,DD,DCH,DCH,field,normal,0,DD,12,0,A Mishra,Feroz Shah Kotla,BG Jerling,GA Pratapkumar,
99,2008,Mumbai,16-05-2008,KKR,MI,MI,field,normal,0,MI,0,8,SM Pollock,Wankhede Stadium,BR Doctrove,DJ Harper,
100,2008,Delhi,17-05-2008,DD,KXP,DD,bat,normal,1,KXP,6,0,DPMD Jayawardene,Feroz Shah Kotla,AV Jayaprakash,RE Koertzen,
101,2008,Jaipur,17-05-2008,RR,RCB,RCB,field,normal,0,RR,65,0,GC Smith,Sawai Mansingh Stadium,BF Bowden,SL Shastri,
102,2008,Hyderabad,18-05-2008,MI,DCH,DCH,field,normal,0,MI,25,0,DJ Bravo,"Rajiv Gandhi International Stadium, Uppal",BR Doctrove,DJ Harper,
103,2008,Kolkata,18-05-2008,KKR,CSK,KKR,bat,normal,1,CSK,3,0,M Ntini,Eden Gardens,Asad Rauf,K Hariharan,
104,2008,Bangalore,19-05-2008,RCB,DD,DD,field,normal,0,DD,0,5,SP Goswami,M Chinnaswamy Stadium,SJ Davis,GA Pratapkumar,
105,2008,Kolkata,20-05-2008,KKR,RR,RR,field,normal,0,RR,0,6,YK Pathan,Eden Gardens,BG Jerling,RE Koertzen,
106,2008,Mumbai,21-05-2008,KXP,MI,MI,field,normal,0,KXP,1,0,SE Marsh,Wankhede Stadium,BF Bowden,GA Pratapkumar,
107,2008,Chennai,21-05-2008,RCB,CSK,RCB,bat,normal,0,RCB,14,0,A Kumble,"MA Chidambaram Stadium, Chepauk",DJ Harper,I Shivram,
108,2008,Chandigarh,23-05-2008,DCH,KXP,KXP,field,normal,0,KXP,0,6,SE Marsh,"Punjab Cricket Association Stadium, Mohali",Asad Rauf,SJ Davis,
109,2008,Delhi,24-05-2008,MI,DD,DD,field,normal,0,DD,0,5,KD Karthik,Feroz Shah Kotla,BF Bowden,K Hariharan,
110,2008,Chennai,24-05-2008,RR,CSK,RR,bat,normal,0,RR,10,0,JA Morkel,"MA Chidambaram Stadium, Chepauk",DJ Harper,SL Shastri,
111,2008,Bangalore,03-05-2008,RCB,DCH,DCH,field,normal,0,RCB,3,0,P Kumar,M Chinnaswamy Stadium,BR Doctrove,SL Shastri,
112,2008,Kolkata,25-05-2008,KXP,KKR,KXP,bat,normal,0,KKR,0,3,Umar Gul,Eden Gardens,SJ Davis,I Shivram,
113,2008,Jaipur,26-05-2008,MI,RR,RR,field,normal,0,RR,0,5,Sohail Tanvir,Sawai Mansingh Stadium,BF Bowden,K Hariharan,
114,2008,Hyderabad,27-05-2008,DCH,CSK,DCH,bat,normal,0,CSK,0,7,SK Raina,"Rajiv Gandhi International Stadium, Uppal",BG Jerling,AM Saheba,
115,2008,Mumbai,30-05-2008,RR,DD,DD,field,normal,0,RR,105,0,SR Watson,Wankhede Stadium,BF Bowden,RE Koertzen,
116,2008,Mumbai,31-05-2008,KXP,CSK,KXP,bat,normal,0,CSK,0,9,M Ntini,Wankhede Stadium,Asad Rauf,DJ Harper,
117,2008,Mumbai,01-06-2008,CSK,RR,RR,field,normal,0,RR,0,3,YK Pathan,Dr DY Patil Sports Academy,BF Bowden,RE Koertzen,
118,2009,Cape Town,18-04-2009,MI,CSK,CSK,field,normal,0,MI,19,0,SR Tendulkar,Newlands,BR Doctrove,K Hariharan,
119,2009,Cape Town,18-04-2009,RCB,RR,RCB,bat,normal,0,RCB,75,0,R Dravid,Newlands,BR Doctrove,RB Tiffin,
120,2009,Cape Town,19-04-2009,KXP,DD,DD,field,normal,1,DD,0,10,DL Vettori,Newlands,MR Benson,SD Ranade,
121,2009,Cape Town,19-04-2009,KKR,DCH,KKR,bat,normal,0,DCH,0,8,RP Singh,Newlands,MR Benson,BR Doctrove,
122,2009,Port Elizabeth,20-04-2009,CSK,RCB,CSK,bat,normal,0,CSK,92,0,M Muralitharan,St George's Park,BG Jerling,SJA Taufel,
123,2009,Durban,21-04-2009,KXP,KKR,KKR,field,normal,1,KKR,11,0,CH Gayle,Kingsmead,DJ Harper,SD Ranade,
124,2009,Cape Town,22-04-2009,DCH,RCB,DCH,bat,normal,0,DCH,24,0,AC Gilchrist,Newlands,M Erasmus,AM Saheba,
125,2009,Durban,23-04-2009,DD,CSK,DD,bat,normal,0,DD,9,0,AB de Villiers,Kingsmead,BR Doctrove,SJA Taufel,
126,2009,Cape Town,23-04-2009,RR,KKR,KKR,field,tie,0,RR,0,0,YK Pathan,Newlands,MR Benson,M Erasmus,
127,2009,Durban,24-04-2009,RCB,KXP,RCB,bat,normal,0,KXP,0,7,RS Bopara,Kingsmead,BR Doctrove,TH Wijewardene,
128,2009,Durban,25-04-2009,DCH,MI,DCH,bat,normal,0,DCH,12,0,PP Ojha,Kingsmead,HDPK Dharmasena,SJA Taufel,
129,2009,Port Elizabeth,26-04-2009,RCB,DD,RCB,bat,normal,0,DD,0,6,TM Dilshan,St George's Park,S Asnani,BG Jerling,
130,2009,Cape Town,26-04-2009,KXP,RR,KXP,bat,normal,0,KXP,27,0,KC Sangakkara,Newlands,M Erasmus,K Hariharan,
131,2009,Durban,27-04-2009,CSK,DCH,DCH,field,normal,0,DCH,0,6,HH Gibbs,Kingsmead,IL Howell,TH Wijewardene,
132,2009,Port Elizabeth,27-04-2009,MI,KKR,MI,bat,normal,0,MI,92,0,SR Tendulkar,St George's Park,BG Jerling,RB Tiffin,
133,2009,Centurion,28-04-2009,DD,RR,DD,bat,normal,0,RR,0,5,YK Pathan,SuperSport Park,GAV Baxter,RE Koertzen,
134,2009,Durban,29-04-2009,KKR,RCB,KKR,bat,normal,0,RCB,0,5,MV Boucher,Kingsmead,MR Benson,TH Wijewardene,
135,2009,Durban,29-04-2009,KXP,MI,KXP,bat,normal,0,KXP,3,0,KC Sangakkara,Kingsmead,MR Benson,SL Shastri,
136,2009,Centurion,30-04-2009,DCH,DD,DD,field,normal,0,DD,0,6,DP Nannes,SuperSport Park,GAV Baxter,AM Saheba,
137,2009,Centurion,30-04-2009,CSK,RR,RR,field,normal,0,CSK,38,0,SK Raina,SuperSport Park,GAV Baxter,RE Koertzen,
138,2009,East London,01-05-2009,MI,KKR,MI,bat,normal,0,MI,9,0,JP Duminy,Buffalo Park,M Erasmus,SK Tarapore,
139,2009,Durban,01-05-2009,RCB,KXP,RCB,bat,normal,0,RCB,8,0,Yuvraj Singh,Kingsmead,HDPK Dharmasena,S Ravi,
140,2009,Port Elizabeth,02-05-2009,DCH,RR,DCH,bat,normal,0,RR,0,3,YK Pathan,St George's Park,S Asnani,BG Jerling,
141,2009,Johannesburg,02-05-2009,CSK,DD,DD,field,normal,0,CSK,18,0,SB Jakati,New Wanderers Stadium,DJ Harper,RE Koertzen,
142,2009,Port Elizabeth,03-05-2009,KKR,KXP,KKR,bat,normal,0,KXP,0,6,DPMD Jayawardene,St George's Park,S Asnani,MR Benson,
143,2009,Johannesburg,03-05-2009,MI,RCB,MI,bat,normal,0,RCB,0,9,JH Kallis,New Wanderers Stadium,RE Koertzen,TH Wijewardene,
144,2009,East London,04-05-2009,CSK,DCH,CSK,bat,normal,0,CSK,78,0,MS Dhoni,Buffalo Park,BR Doctrove,M Erasmus,
145,2009,Durban,05-05-2009,RR,KXP,KXP,field,normal,0,RR,78,0,GC Smith,Kingsmead,SS Hazare,IL Howell,
146,2009,Durban,05-05-2009,KKR,DD,KKR,bat,normal,0,DD,0,9,G Gambhir,Kingsmead,GAV Baxter,IL Howell,
147,2009,Centurion,06-05-2009,DCH,MI,DCH,bat,normal,0,DCH,19,0,RG Sharma,SuperSport Park,MR Benson,HDPK Dharmasena,
148,2009,Centurion,07-05-2009,RCB,RR,RR,field,normal,0,RR,0,7,A Singh,SuperSport Park,K Hariharan,DJ Harper,
149,2009,Centurion,07-05-2009,CSK,KXP,CSK,bat,normal,1,CSK,12,0,ML Hayden,SuperSport Park,DJ Harper,TH Wijewardene,
150,2009,East London,08-05-2009,MI,DD,MI,bat,normal,0,DD,0,7,A Nehra,Buffalo Park,M Erasmus,SK Tarapore,
151,2009,Kimberley,09-05-2009,DCH,KXP,KXP,field,normal,0,KXP,0,3,DPMD Jayawardene,De Beers Diamond Oval,GAV Baxter,AM Saheba,
152,2009,Kimberley,09-05-2009,RR,CSK,RR,bat,normal,0,CSK,0,7,S Badrinath,De Beers Diamond Oval,GAV Baxter,HDPK Dharmasena,
153,2009,Port Elizabeth,10-05-2009,MI,RCB,MI,bat,normal,0,MI,16,0,JP Duminy,St George's Park,BR Doctrove,BG Jerling,
154,2009,Johannesburg,10-05-2009,KKR,DD,DD,field,normal,0,DD,0,7,A Mishra,New Wanderers Stadium,SL Shastri,RB Tiffin,
155,2009,Kimberley,11-05-2009,DCH,RR,DCH,bat,normal,0,DCH,53,0,DR Smith,De Beers Diamond Oval,GAV Baxter,HDPK Dharmasena,
156,2009,Centurion,12-05-2009,KKR,RCB,RCB,field,normal,0,RCB,0,6,LRPL Taylor,SuperSport Park,M Erasmus,SS Hazare,
157,2009,Centurion,12-05-2009,KXP,MI,KXP,bat,normal,0,MI,0,8,Harbhajan Singh,SuperSport Park,SS Hazare,RE Koertzen,
158,2009,Durban,13-05-2009,DD,DCH,DCH,field,normal,0,DD,12,0,R Bhatia,Kingsmead,DJ Harper,SL Shastri,
159,2009,Durban,14-05-2009,CSK,RCB,CSK,bat,normal,0,RCB,0,2,LRPL Taylor,Kingsmead,BR Doctrove,DJ Harper,
160,2009,Durban,14-05-2009,RR,MI,RR,bat,normal,0,RR,2,0,SK Warne,Kingsmead,BR Doctrove,DJ Harper,
161,2009,Bloemfontein,15-05-2009,DD,KXP,KXP,field,normal,0,KXP,0,6,B Lee,OUTsurance Oval,HDPK Dharmasena,IL Howell,
162,2009,Port Elizabeth,16-05-2009,MI,CSK,MI,bat,normal,0,CSK,0,7,ML Hayden,St George's Park,SK Tarapore,SJA Taufel,
163,2009,Johannesburg,16-05-2009,KKR,DCH,DCH,field,normal,0,DCH,0,6,RG Sharma,New Wanderers Stadium,RE Koertzen,S Ravi,
164,2009,Johannesburg,17-05-2009,KXP,DCH,DCH,field,normal,0,KXP,1,0,Yuvraj Singh,New Wanderers Stadium,S Ravi,RB Tiffin,
165,2009,Bloemfontein,17-05-2009,DD,RR,DD,bat,normal,0,DD,14,0,AB de Villiers,OUTsurance Oval,SS Hazare,IL Howell,
166,2009,Centurion,18-05-2009,CSK,KKR,CSK,bat,normal,0,KKR,0,7,BJ Hodge,SuperSport Park,SJA Taufel,RB Tiffin,
167,2009,Johannesburg,19-05-2009,DD,RCB,DD,bat,normal,0,RCB,0,7,JH Kallis,New Wanderers Stadium,IL Howell,RB Tiffin,
168,2009,Durban,20-05-2009,RR,KKR,KKR,field,normal,0,KKR,0,4,LR Shukla,Kingsmead,BG Jerling,SJA Taufel,
169,2009,Durban,20-05-2009,CSK,KXP,CSK,bat,normal,0,CSK,24,0,M Muralitharan,Kingsmead,BG Jerling,SJA Taufel,
170,2009,Centurion,21-05-2009,MI,DD,DD,field,normal,0,DD,0,4,V Sehwag,SuperSport Park,IL Howell,S Ravi,
171,2009,Centurion,21-05-2009,RCB,DCH,RCB,bat,normal,0,RCB,12,0,MK Pandey,SuperSport Park,IL Howell,S Ravi,
172,2009,Centurion,22-05-2009,DD,DCH,DCH,field,normal,0,DCH,0,6,AC Gilchrist,SuperSport Park,BR Doctrove,DJ Harper,
173,2009,Johannesburg,23-05-2009,CSK,RCB,RCB,field,normal,0,RCB,0,6,MK Pandey,New Wanderers Stadium,RE Koertzen,SJA Taufel,
174,2009,Johannesburg,24-05-2009,DCH,RCB,RCB,field,normal,0,DCH,6,0,A Kumble,New Wanderers Stadium,RE Koertzen,SJA Taufel,
175,2010,Mumbai,12-03-2010,KKR,DCH,DCH,field,normal,0,KKR,11,0,AD Mathews,Dr DY Patil Sports Academy,RE Koertzen,RB Tiffin,
176,2010,Mumbai,13-03-2010,MI,RR,MI,bat,normal,0,MI,4,0,YK Pathan,Brabourne Stadium,RE Koertzen,RB Tiffin,
177,2010,Chandigarh,13-03-2010,KXP,DD,DD,field,normal,0,DD,0,5,G Gambhir,"Punjab Cricket Association Stadium, Mohali",BR Doctrove,S Ravi,
178,2010,Kolkata,14-03-2010,RCB,KKR,KKR,field,normal,0,KKR,0,7,MK Tiwary,Eden Gardens,HDPK Dharmasena,AM Saheba,
179,2010,Chennai,14-03-2010,DCH,CSK,DCH,bat,normal,0,DCH,31,0,WPUJC Vaas,"MA Chidambaram Stadium, Chepauk",K Hariharan,DJ Harper,
180,2010,Ahmedabad,15-03-2010,RR,DD,DD,field,normal,0,DD,0,6,V Sehwag,"Sardar Patel Stadium, Motera",BG Jerling,RE Koertzen,
181,2010,Bangalore,16-03-2010,KXP,RCB,KXP,bat,normal,0,RCB,0,8,JH Kallis,M Chinnaswamy Stadium,S Das,DJ Harper,
182,2010,Kolkata,16-03-2010,CSK,KKR,CSK,bat,normal,0,CSK,55,0,MS Dhoni,Eden Gardens,HDPK Dharmasena,AM Saheba,
183,2010,Delhi,17-03-2010,MI,DD,DD,field,normal,0,MI,98,0,SR Tendulkar,Feroz Shah Kotla,BR Doctrove,SK Tarapore,
184,2010,Bangalore,18-03-2010,RR,RCB,RCB,field,normal,0,RCB,0,10,JH Kallis,M Chinnaswamy Stadium,K Hariharan,DJ Harper,
185,2010,Delhi,19-03-2010,DD,CSK,DD,bat,normal,0,CSK,0,5,ML Hayden,Feroz Shah Kotla,BR Doctrove,SK Tarapore,
186,2010,Cuttack,19-03-2010,DCH,KXP,KXP,field,normal,0,DCH,6,0,A Symonds,Barabati Stadium,BF Bowden,M Erasmus,
187,2010,Ahmedabad,20-03-2010,RR,KKR,RR,bat,normal,0,RR,34,0,AA Jhunjhunwala,"Sardar Patel Stadium, Motera",RE Koertzen,RB Tiffin,
188,2010,Mumbai,20-03-2010,MI,RCB,MI,bat,normal,0,RCB,0,7,JH Kallis,Brabourne Stadium,HDPK Dharmasena,SS Hazare,
189,2010,Cuttack,21-03-2010,DCH,DD,DCH,bat,normal,0,DCH,10,0,A Symonds,Barabati Stadium,BF Bowden,M Erasmus,
190,2010,Chennai,21-03-2010,KXP,CSK,CSK,field,tie,0,KXP,0,0,J Theron,"MA Chidambaram Stadium, Chepauk",K Hariharan,DJ Harper,
191,2010,Mumbai,22-03-2010,KKR,MI,KKR,bat,normal,0,MI,0,7,SR Tendulkar,Brabourne Stadium,SS Hazare,SJA Taufel,
192,2010,Bangalore,23-03-2010,RCB,CSK,CSK,field,normal,0,RCB,36,0,RV Uthappa,M Chinnaswamy Stadium,RE Koertzen,RB Tiffin,
193,2010,Chandigarh,24-03-2010,RR,KXP,KXP,field,normal,0,RR,31,0,AC Voges,"Punjab Cricket Association Stadium, Mohali",BR Doctrove,SK Tarapore,
194,2010,Mumbai,25-03-2010,CSK,MI,MI,field,normal,0,MI,0,5,SR Tendulkar,Brabourne Stadium,BF Bowden,AM Saheba,
195,2010,Ahmedabad,26-03-2010,DCH,RR,DCH,bat,normal,0,RR,0,8,YK Pathan,"Sardar Patel Stadium, Motera",HDPK Dharmasena,SJA Taufel,
196,2010,Chandigarh,27-03-2010,KKR,KXP,KKR,bat,normal,0,KKR,39,0,MK Tiwary,"Punjab Cricket Association Stadium, Mohali",BR Doctrove,S Ravi,
197,2010,Bangalore,25-03-2010,DD,RCB,RCB,field,normal,0,DD,17,0,KM Jadhav,M Chinnaswamy Stadium,BG Jerling,RE Koertzen,
198,2010,Ahmedabad,28-03-2010,RR,CSK,RR,bat,normal,0,RR,17,0,NV Ojha,"Sardar Patel Stadium, Motera",SS Hazare,SJA Taufel,
199,2010,Mumbai,28-03-2010,MI,DCH,DCH,field,normal,0,MI,41,0,Harbhajan Singh,Dr DY Patil Sports Academy,S Das,K Hariharan,
200,2010,Delhi,29-03-2010,DD,KKR,DD,bat,normal,0,DD,40,0,DA Warner,Feroz Shah Kotla,SS Hazare,SJA Taufel,
201,2010,Mumbai,30-03-2010,KXP,MI,MI,field,normal,0,MI,0,4,SL Malinga,Brabourne Stadium,BR Doctrove,SK Tarapore,
202,2010,Chennai,31-03-2010,RCB,CSK,RCB,bat,normal,0,CSK,0,5,M Vijay,"MA Chidambaram Stadium, Chepauk",BG Jerling,RE Koertzen,
203,2010,Delhi,31-03-2010,DD,RR,DD,bat,normal,0,DD,67,0,KD Karthik,Feroz Shah Kotla,HDPK Dharmasena,SJA Taufel,
204,2010,Kolkata,01-04-2010,KKR,DCH,KKR,bat,normal,0,KKR,24,0,SC Ganguly,Eden Gardens,K Hariharan,DJ Harper,
205,2010,Chandigarh,02-04-2010,KXP,RCB,KXP,bat,normal,0,RCB,0,6,KP Pietersen,"Punjab Cricket Association Stadium, Mohali",BF Bowden,M Erasmus,
206,2010,Chennai,03-04-2010,CSK,RR,CSK,bat,normal,0,CSK,23,0,M Vijay,"MA Chidambaram Stadium, Chepauk",RE Koertzen,RB Tiffin,
207,2010,Mumbai,03-04-2010,MI,DCH,MI,bat,normal,0,MI,63,0,AT Rayudu,Brabourne Stadium,BR Doctrove,S Ravi,
208,2010,Kolkata,04-04-2010,KKR,KXP,KKR,bat,normal,0,KXP,0,8,DPMD Jayawardene,Eden Gardens,S Asnani,DJ Harper,
209,2010,Delhi,04-04-2010,DD,RCB,DD,bat,normal,0,DD,37,0,PD Collingwood,Feroz Shah Kotla,BF Bowden,M Erasmus,
210,2010,Nagpur,05-04-2010,RR,DCH,RR,bat,normal,0,RR,2,0,SK Warne,"Vidarbha Cricket Association Stadium, Jamtha",HDPK Dharmasena,SJA Taufel,
211,2010,Chennai,06-04-2010,CSK,MI,CSK,bat,normal,0,CSK,24,0,SK Raina,"MA Chidambaram Stadium, Chepauk",S Asnani,DJ Harper,
212,2010,Jaipur,07-04-2010,KXP,RR,KXP,bat,normal,0,RR,0,9,MJ Lumb,Sawai Mansingh Stadium,S Ravi,SK Tarapore,
213,2010,Kolkata,07-04-2010,KKR,DD,KKR,bat,normal,0,KKR,14,0,SC Ganguly,Eden Gardens,BG Jerling,RE Koertzen,
214,2010,Bangalore,08-04-2010,RCB,DCH,DCH,field,normal,0,DCH,0,7,TL Suman,M Chinnaswamy Stadium,S Asnani,DJ Harper,
215,2010,Chandigarh,09-04-2010,MI,KXP,MI,bat,normal,0,KXP,0,6,KC Sangakkara,"Punjab Cricket Association Stadium, Mohali",M Erasmus,AM Saheba,
216,2010,Nagpur,10-04-2010,CSK,DCH,CSK,bat,normal,0,DCH,0,6,RJ Harris,"Vidarbha Cricket Association Stadium, Jamtha",HDPK Dharmasena,SJA Taufel,
217,2010,Bangalore,10-04-2010,KKR,RCB,RCB,field,normal,0,RCB,0,7,R Vinay Kumar,M Chinnaswamy Stadium,K Hariharan,DJ Harper,
218,2010,Delhi,11-04-2010,DD,KXP,DD,bat,normal,0,KXP,0,7,PP Chawla,Feroz Shah Kotla,BF Bowden,AM Saheba,
219,2010,Jaipur,11-04-2010,MI,RR,RR,field,normal,0,MI,37,0,SR Tendulkar,Sawai Mansingh Stadium,BR Doctrove,SK Tarapore,
220,2010,Nagpur,12-04-2010,DCH,RCB,RCB,field,normal,0,DCH,13,0,Harmeet Singh,"Vidarbha Cricket Association Stadium, Jamtha",RE Koertzen,RB Tiffin,
221,2010,Mumbai,13-04-2010,MI,DD,MI,bat,normal,0,MI,39,0,KA Pollard,Brabourne Stadium,S Asnani,DJ Harper,
222,2010,Chennai,13-04-2010,KKR,CSK,KKR,bat,normal,0,CSK,0,9,R Ashwin,"MA Chidambaram Stadium, Chepauk",SS Hazare,SJA Taufel,
223,2010,Jaipur,14-04-2010,RR,RCB,RR,bat,normal,0,RCB,0,5,KP Pietersen,Sawai Mansingh Stadium,BR Doctrove,S Ravi,
224,2010,Chennai,15-04-2010,CSK,DD,CSK,bat,normal,0,DD,0,6,G Gambhir,"MA Chidambaram Stadium, Chepauk",HDPK Dharmasena,SS Hazare,
225,2010,Dharamsala,16-04-2010,KXP,DCH,DCH,field,normal,0,DCH,0,5,RG Sharma,Himachal Pradesh Cricket Association Stadium,M Erasmus,AM Saheba,
226,2010,Bangalore,17-04-2010,MI,RCB,RCB,field,normal,0,MI,57,0,R McLaren,M Chinnaswamy Stadium,HDPK Dharmasena,SJA Taufel,
227,2010,Kolkata,17-04-2010,RR,KKR,RR,bat,normal,0,KKR,0,8,JD Unadkat,Eden Gardens,BG Jerling,RB Tiffin,
228,2010,Dharamsala,18-04-2010,KXP,CSK,CSK,field,normal,0,CSK,0,6,MS Dhoni,Himachal Pradesh Cricket Association Stadium,BF Bowden,AM Saheba,
229,2010,Delhi,18-04-2010,DCH,DD,DCH,bat,normal,0,DCH,11,0,A Symonds,Feroz Shah Kotla,BR Doctrove,SK Tarapore,
230,2010,Kolkata,19-04-2010,MI,KKR,MI,bat,normal,0,KKR,0,9,M Kartik,Eden Gardens,BG Jerling,RE Koertzen,
231,2010,Mumbai,21-04-2010,MI,RCB,MI,bat,normal,0,MI,35,0,KA Pollard,Dr DY Patil Sports Academy,BR Doctrove,RB Tiffin,
232,2010,Mumbai,22-04-2010,CSK,DCH,CSK,bat,normal,0,CSK,38,0,DE Bollinger,Dr DY Patil Sports Academy,BR Doctrove,RB Tiffin,
233,2010,Mumbai,24-04-2010,DCH,RCB,DCH,bat,normal,0,RCB,0,9,A Kumble,Dr DY Patil Sports Academy,RE Koertzen,SJA Taufel,
234,2010,Mumbai,25-04-2010,CSK,MI,CSK,bat,normal,0,CSK,22,0,SK Raina,Dr DY Patil Sports Academy,RE Koertzen,SJA Taufel,
235,2011,Chennai,08-04-2011,CSK,KKR,CSK,bat,normal,0,CSK,2,0,S Anirudha,"MA Chidambaram Stadium, Chepauk",BR Doctrove,PR Reiffel,
236,2011,Hyderabad,09-04-2011,DCH,RR,RR,field,normal,0,RR,0,8,SK Trivedi,"Rajiv Gandhi International Stadium, Uppal",RE Koertzen,SK Tarapore,
237,2011,Kochi,09-04-2011,KTK,RCB,KTK,bat,normal,0,RCB,0,6,AB de Villiers,Nehru Stadium,HDPK Dharmasena,K Hariharan,
238,2011,Delhi,10-04-2011,DD,MI,DD,bat,normal,0,MI,0,8,SL Malinga,Feroz Shah Kotla,AM Saheba,RB Tiffin,
239,2011,Mumbai,10-04-2011,KXP,PW,KXP,bat,normal,0,PW,0,7,SB Wagh,Dr DY Patil Sports Academy,BR Doctrove,PR Reiffel,
240,2011,Kolkata,11-04-2011,KKR,DCH,KKR,bat,normal,0,KKR,9,0,JH Kallis,Eden Gardens,RE Koertzen,SK Tarapore,
241,2011,Jaipur,12-04-2011,DD,RR,DD,bat,normal,0,RR,0,6,SK Warne,Sawai Mansingh Stadium,Aleem Dar,RB Tiffin,
242,2011,Bangalore,12-04-2011,RCB,MI,MI,field,normal,0,MI,0,9,SR Tendulkar,M Chinnaswamy Stadium,HDPK Dharmasena,AL Hill,
243,2011,Chandigarh,13-04-2011,CSK,KXP,KXP,field,normal,0,KXP,0,6,PC Valthaty,"Punjab Cricket Association Stadium, Mohali",Asad Rauf,SL Shastri,
244,2011,Mumbai,13-04-2011,KTK,PW,KTK,bat,normal,0,PW,0,4,MD Mishra,Dr DY Patil Sports Academy,S Asnani,PR Reiffel,
245,2011,Hyderabad,14-04-2011,DCH,RCB,RCB,field,normal,0,DCH,33,0,DW Steyn,"Rajiv Gandhi International Stadium, Uppal",RE Koertzen,S Ravi,
246,2011,Jaipur,15-04-2011,RR,KKR,KKR,field,normal,0,KKR,0,9,G Gambhir,Sawai Mansingh Stadium,Aleem Dar,SS Hazare,
247,2011,Mumbai,15-04-2011,MI,KTK,KTK,field,normal,0,KTK,0,8,BB McCullum,Wankhede Stadium,BR Doctrove,PR Reiffel,
248,2011,Chennai,16-04-2011,CSK,RCB,CSK,bat,normal,0,CSK,21,0,MEK Hussey,"MA Chidambaram Stadium, Chepauk",HDPK Dharmasena,AL Hill,
249,2011,Hyderabad,16-04-2011,DCH,KXP,KXP,field,normal,0,KXP,0,8,PC Valthaty,"Rajiv Gandhi International Stadium, Uppal",RE Koertzen,S Ravi,
250,2011,Mumbai,17-04-2011,PW,DD,DD,field,normal,0,DD,0,3,Yuvraj Singh,Dr DY Patil Sports Academy,Asad Rauf,AM Saheba,
251,2011,Kolkata,17-04-2011,RR,KKR,KKR,field,normal,0,KKR,0,8,L Balaji,Eden Gardens,Aleem Dar,RB Tiffin,
252,2011,Kochi,18-04-2011,CSK,KTK,KTK,field,normal,1,KTK,0,7,BB McCullum,Nehru Stadium,K Hariharan,AL Hill,
253,2011,Delhi,19-04-2011,DCH,DD,DCH,bat,normal,0,DCH,16,0,S Sohal,Feroz Shah Kotla,PR Reiffel,RJ Tucker,
254,2011,Mumbai,20-04-2011,PW,MI,PW,bat,normal,0,MI,0,7,MM Patel,Wankhede Stadium,Asad Rauf,AM Saheba,
255,2011,Kolkata,20-04-2011,KTK,KKR,KKR,field,normal,0,KTK,6,0,DPMD Jayawardene,Eden Gardens,Aleem Dar,RB Tiffin,
256,2011,Chandigarh,21-04-2011,KXP,RR,RR,field,normal,0,KXP,48,0,SE Marsh,"Punjab Cricket Association Stadium, Mohali",S Asnani,PR Reiffel,
257,2011,Mumbai,22-04-2011,MI,CSK,CSK,field,normal,0,MI,8,0,Harbhajan Singh,Wankhede Stadium,Asad Rauf,AM Saheba,
258,2011,Kolkata,22-04-2011,KKR,RCB,RCB,field,normal,0,RCB,0,9,CH Gayle,Eden Gardens,SS Hazare,RB Tiffin,
259,2011,Delhi,23-04-2011,DD,KXP,KXP,field,normal,0,DD,29,0,DA Warner,Feroz Shah Kotla,S Asnani,RE Koertzen,
260,2011,Hyderabad,24-04-2011,MI,DCH,DCH,field,normal,0,MI,37,0,SL Malinga,"Rajiv Gandhi International Stadium, Uppal",HDPK Dharmasena,AL Hill,
261,2011,Jaipur,24-04-2011,KTK,RR,RR,field,normal,0,RR,0,8,SK Warne,Sawai Mansingh Stadium,BR Doctrove,SK Tarapore,
262,2011,Chennai,25-04-2011,CSK,PW,PW,field,normal,0,CSK,25,0,MEK Hussey,"MA Chidambaram Stadium, Chepauk",Aleem Dar,RB Tiffin,
263,2011,Delhi,26-04-2011,DD,RCB,RCB,field,normal,0,RCB,0,3,V Kohli,Feroz Shah Kotla,S Asnani,RJ Tucker,
264,2011,Mumbai,27-04-2011,PW,CSK,PW,bat,normal,0,CSK,0,8,DE Bollinger,Dr DY Patil Sports Academy,Asad Rauf,SL Shastri,
265,2011,Kochi,27-04-2011,DCH,KTK,KTK,field,normal,0,DCH,55,0,I Sharma,Nehru Stadium,HDPK Dharmasena,AL Hill,
266,2011,Delhi,28-04-2011,KKR,DD,DD,field,normal,0,KKR,17,0,MK Tiwary,Feroz Shah Kotla,PR Reiffel,RJ Tucker,
267,2011,Jaipur,29-04-2011,MI,RR,RR,field,normal,0,RR,0,7,J Botha,Sawai Mansingh Stadium,Asad Rauf,SK Tarapore,
268,2011,Bangalore,29-04-2011,RCB,PW,PW,field,normal,0,RCB,26,0,V Kohli,M Chinnaswamy Stadium,Aleem Dar,SS Hazare,
269,2011,Kochi,30-04-2011,DD,KTK,DD,bat,normal,0,DD,38,0,V Sehwag,Nehru Stadium,HDPK Dharmasena,AL Hill,
270,2011,Kolkata,30-04-2011,KXP,KKR,KKR,field,normal,0,KKR,0,8,Iqbal Abdulla,Eden Gardens,AM Saheba,SL Shastri,
271,2011,Jaipur,01-05-2011,PW,RR,RR,field,normal,0,RR,0,6,LRPL Taylor,Sawai Mansingh Stadium,SK Tarapore,SJA Taufel,
272,2011,Chennai,01-05-2011,CSK,DCH,CSK,bat,normal,0,CSK,19,0,JA Morkel,"MA Chidambaram Stadium, Chepauk",Aleem Dar,RB Tiffin,
273,2011,Mumbai,02-05-2011,MI,KXP,KXP,field,normal,0,MI,23,0,KA Pollard,Wankhede Stadium,HDPK Dharmasena,PR Reiffel,
274,2011,Delhi,02-05-2011,DD,KTK,KTK,field,normal,0,KTK,0,7,P Parameswaran,Feroz Shah Kotla,Asad Rauf,SL Shastri,
275,2011,Hyderabad,03-05-2011,KKR,DCH,DCH,field,normal,0,KKR,20,0,YK Pathan,"Rajiv Gandhi International Stadium, Uppal",S Asnani,RJ Tucker,
276,2011,Chennai,04-05-2011,RR,CSK,RR,bat,normal,0,CSK,0,8,MEK Hussey,"MA Chidambaram Stadium, Chepauk",SS Hazare,RB Tiffin,
277,2011,Mumbai,04-05-2011,MI,PW,PW,field,normal,0,MI,21,0,R Sharma,Dr DY Patil Sports Academy,HDPK Dharmasena,SJA Taufel,
278,2011,Kochi,05-05-2011,KTK,KKR,KKR,field,normal,0,KTK,17,0,BJ Hodge,Nehru Stadium,S Ravi,RJ Tucker,
279,2011,Hyderabad,05-05-2011,DCH,DD,DD,field,normal,0,DD,0,4,V Sehwag,"Rajiv Gandhi International Stadium, Uppal",Asad Rauf,AM Saheba,
280,2011,Bangalore,06-05-2011,RCB,KXP,KXP,field,normal,0,RCB,85,0,CH Gayle,M Chinnaswamy Stadium,Aleem Dar,RB Tiffin,
281,2011,Kolkata,07-05-2011,CSK,KKR,CSK,bat,normal,1,KKR,10,0,Iqbal Abdulla,Eden Gardens,Asad Rauf,PR Reiffel,
282,2011,Mumbai,07-05-2011,MI,DD,DD,field,normal,0,MI,32,0,AT Rayudu,Wankhede Stadium,K Hariharan,SJA Taufel,
283,2011,Bangalore,08-05-2011,KTK,RCB,KTK,bat,normal,0,RCB,0,9,CH Gayle,M Chinnaswamy Stadium,Aleem Dar,SS Hazare,
284,2011,Chandigarh,08-05-2011,KXP,PW,KXP,bat,normal,0,PW,0,5,R Sharma,"Punjab Cricket Association Stadium, Mohali",SK Tarapore,RJ Tucker,
285,2011,Jaipur,09-05-2011,CSK,RR,RR,field,normal,0,CSK,63,0,M Vijay,Sawai Mansingh Stadium,K Hariharan,SJA Taufel,
286,2011,Hyderabad,10-05-2011,DCH,PW,DCH,bat,normal,0,PW,0,6,MR Marsh,"Rajiv Gandhi International Stadium, Uppal",Asad Rauf,AM Saheba,
287,2011,Chandigarh,10-05-2011,KXP,MI,MI,field,normal,0,KXP,76,0,BA Bhatt,"Punjab Cricket Association Stadium, Mohali",SK Tarapore,RJ Tucker,
288,2011,Jaipur,11-05-2011,RR,RCB,RCB,field,normal,0,RCB,0,9,S Aravind,Sawai Mansingh Stadium,HDPK Dharmasena,K Hariharan,
289,2011,Chennai,12-05-2011,CSK,DD,CSK,bat,normal,0,CSK,18,0,MS Dhoni,"MA Chidambaram Stadium, Chepauk",AM Saheba,SL Shastri,
290,2011,Indore,13-05-2011,KTK,KXP,KXP,field,normal,0,KXP,0,6,KD Karthik,Holkar Cricket Stadium,S Asnani,RJ Tucker,
291,2011,Bangalore,14-05-2011,KKR,RCB,RCB,field,normal,1,RCB,0,4,CH Gayle,M Chinnaswamy Stadium,RE Koertzen,RB Tiffin,
292,2011,Mumbai,14-05-2011,DCH,MI,DCH,bat,normal,0,DCH,10,0,A Mishra,Wankhede Stadium,S Ravi,SK Tarapore,
293,2011,Dharamsala,15-05-2011,KXP,DD,DD,field,normal,0,KXP,29,0,PP Chawla,Himachal Pradesh Cricket Association Stadium,Asad Rauf,SL Shastri,
294,2011,Indore,15-05-2011,RR,KTK,KTK,field,normal,0,KTK,0,8,BJ Hodge,Holkar Cricket Stadium,PR Reiffel,RJ Tucker,
295,2011,Mumbai,16-05-2011,PW,DCH,DCH,field,normal,0,DCH,0,6,A Mishra,Dr DY Patil Sports Academy,S Ravi,SK Tarapore,
296,2011,Dharamsala,17-05-2011,KXP,RCB,KXP,bat,normal,0,KXP,111,0,AC Gilchrist,Himachal Pradesh Cricket Association Stadium,Asad Rauf,AM Saheba,
297,2011,Chennai,18-05-2011,CSK,KTK,CSK,bat,normal,0,CSK,11,0,WP Saha,"MA Chidambaram Stadium, Chepauk",HDPK Dharmasena,RE Koertzen,
298,2011,Mumbai,19-05-2011,PW,KKR,KKR,field,normal,0,KKR,0,7,YK Pathan,Dr DY Patil Sports Academy,S Ravi,SJA Taufel,
299,2011,Mumbai,20-05-2011,MI,RR,MI,bat,normal,0,RR,0,10,SR Watson,Wankhede Stadium,RE Koertzen,PR Reiffel,
300,2011,Dharamsala,21-05-2011,DCH,KXP,KXP,field,normal,0,DCH,82,0,S Dhawan,Himachal Pradesh Cricket Association Stadium,Asad Rauf,AM Saheba,
301,2011,Delhi,21-05-2011,DD,PW,DD,bat,no result,0,,0,0,,Feroz Shah Kotla,SS Hazare,RJ Tucker,
302,2011,Bangalore,22-05-2011,CSK,RCB,RCB,field,normal,0,RCB,0,8,CH Gayle,M Chinnaswamy Stadium,K Hariharan,RE Koertzen,
303,2011,Kolkata,22-05-2011,KKR,MI,MI,field,normal,0,MI,0,5,JEC Franklin,Eden Gardens,SK Tarapore,SJA Taufel,
304,2011,Mumbai,24-05-2011,RCB,CSK,CSK,field,normal,0,CSK,0,6,SK Raina,Wankhede Stadium,Asad Rauf,SJA Taufel,
305,2011,Mumbai,25-05-2011,KKR,MI,MI,field,normal,0,MI,0,4,MM Patel,Wankhede Stadium,Asad Rauf,SJA Taufel,
306,2011,Chennai,27-05-2011,RCB,MI,MI,field,normal,0,RCB,43,0,CH Gayle,"MA Chidambaram Stadium, Chepauk",Asad Rauf,SJA Taufel,
307,2011,Chennai,28-05-2011,CSK,RCB,CSK,bat,normal,0,CSK,58,0,M Vijay,"MA Chidambaram Stadium, Chepauk",Asad Rauf,SJA Taufel,
308,2012,Chennai,04-04-2012,CSK,MI,MI,field,normal,0,MI,0,8,RE Levi,"MA Chidambaram Stadium, Chepauk",JD Cloete,SJA Taufel,
309,2012,Kolkata,05-04-2012,KKR,DD,DD,field,normal,0,DD,0,8,IK Pathan,Eden Gardens,S Asnani,HDPK Dharmasena,
310,2012,Mumbai,06-04-2012,PW,MI,MI,field,normal,0,PW,28,0,SPD Smith,Wankhede Stadium,AK Chaudhary,SJA Taufel,
311,2012,Jaipur,06-04-2012,RR,KXP,KXP,field,normal,0,RR,31,0,AM Rahane,Sawai Mansingh Stadium,BF Bowden,SK Tarapore,
312,2012,Bangalore,07-04-2012,RCB,DD,DD,field,normal,0,RCB,20,0,AB de Villiers,M Chinnaswamy Stadium,S Asnani,S Ravi,
313,2012,Visakhapatnam,07-04-2012,CSK,DCH,DCH,field,normal,0,CSK,74,0,RA Jadeja,Dr. Y.S. Rajasekhara Reddy ACA-VDCA Cricket Stadium,JD Cloete,HDPK Dharmasena,
314,2012,Jaipur,08-04-2012,RR,KKR,KKR,field,normal,0,RR,22,0,BJ Hodge,Sawai Mansingh Stadium,BF Bowden,VA Kulkarni,
315,2012,Pune,08-04-2012,PW,KXP,PW,bat,normal,0,PW,22,0,MN Samuels,Subrata Roy Sahara Stadium,S Das,SJA Taufel,
316,2012,Visakhapatnam,09-04-2012,DCH,MI,DCH,bat,normal,0,MI,0,5,RG Sharma,Dr. Y.S. Rajasekhara Reddy ACA-VDCA Cricket Stadium,AK Chaudhary,JD Cloete,
317,2012,Bangalore,10-04-2012,KKR,RCB,RCB,field,normal,0,KKR,42,0,L Balaji,M Chinnaswamy Stadium,S Ravi,RJ Tucker,
318,2012,Delhi,10-04-2012,CSK,DD,DD,field,normal,0,DD,0,8,M Morkel,Feroz Shah Kotla,Asad Rauf,SK Tarapore,
319,2012,Mumbai,11-04-2012,MI,RR,RR,field,normal,0,MI,27,0,KA Pollard,Wankhede Stadium,Aleem Dar,BNJ Oxenford,
320,2012,Chennai,12-04-2012,RCB,CSK,RCB,bat,normal,0,CSK,0,5,F du Plessis,"MA Chidambaram Stadium, Chepauk",HDPK Dharmasena,RJ Tucker,
321,2012,Chandigarh,12-04-2012,PW,KXP,KXP,field,normal,0,KXP,0,7,AD Mascarenhas,"Punjab Cricket Association Stadium, Mohali",VA Kulkarni,SK Tarapore,
322,2012,Kolkata,13-04-2012,RR,KKR,RR,bat,normal,0,KKR,0,5,Shakib Al Hasan,Eden Gardens,Asad Rauf,S Asnani,
323,2012,Delhi,19-04-2012,DCH,DD,DCH,bat,normal,0,DD,0,5,KP Pietersen,Feroz Shah Kotla,BF Bowden,SK Tarapore,
324,2012,Pune,14-04-2012,CSK,PW,CSK,bat,normal,0,PW,0,7,JD Ryder,Subrata Roy Sahara Stadium,Aleem Dar,BNJ Oxenford,
325,2012,Kolkata,15-04-2012,KXP,KKR,KKR,field,normal,0,KXP,2,0,SP Narine,Eden Gardens,Asad Rauf,S Asnani,
326,2012,Bangalore,15-04-2012,RR,RCB,RR,bat,normal,0,RR,59,0,AM Rahane,M Chinnaswamy Stadium,JD Cloete,RJ Tucker,
327,2012,Mumbai,16-04-2012,MI,DD,DD,field,normal,0,DD,0,7,S Nadeem,Wankhede Stadium,BF Bowden,SK Tarapore,
328,2012,Jaipur,17-04-2012,DCH,RR,DCH,bat,normal,0,RR,0,5,BJ Hodge,Sawai Mansingh Stadium,Aleem Dar,BNJ Oxenford,
329,2012,Bangalore,17-04-2012,PW,RCB,PW,bat,normal,0,RCB,0,6,CH Gayle,M Chinnaswamy Stadium,S Asnani,S Das,
330,2012,Chandigarh,18-04-2012,KXP,KKR,KXP,bat,normal,0,KKR,0,8,G Gambhir,"Punjab Cricket Association Stadium, Mohali",JD Cloete,RJ Tucker,
331,2012,Hyderabad,10-05-2012,DCH,DD,DCH,bat,normal,0,DD,0,9,DA Warner,"Rajiv Gandhi International Stadium, Uppal",JD Cloete,SJA Taufel,
332,2012,Chennai,19-04-2012,CSK,PW,PW,field,normal,0,CSK,13,0,KMDN Kulasekara,"MA Chidambaram Stadium, Chepauk",Asad Rauf,S Das,
333,2012,Chandigarh,20-04-2012,KXP,RCB,RCB,field,normal,0,RCB,0,5,CH Gayle,"Punjab Cricket Association Stadium, Mohali",S Ravi,RJ Tucker,
334,2012,Chennai,21-04-2012,RR,CSK,RR,bat,normal,0,CSK,0,7,F du Plessis,"MA Chidambaram Stadium, Chepauk",Aleem Dar,BNJ Oxenford,
335,2012,Delhi,21-04-2012,PW,DD,DD,field,normal,0,PW,20,0,SC Ganguly,Feroz Shah Kotla,Asad Rauf,S Das,
336,2012,Mumbai,22-04-2012,MI,KXP,MI,bat,normal,0,KXP,0,6,SE Marsh,Wankhede Stadium,S Ravi,RJ Tucker,
337,2012,Cuttack,22-04-2012,DCH,KKR,KKR,field,normal,0,KKR,0,5,B Lee,Barabati Stadium,BF Bowden,SK Tarapore,
338,2012,Jaipur,23-04-2012,RCB,RR,RR,field,normal,0,RCB,46,0,AB de Villiers,Sawai Mansingh Stadium,Asad Rauf,S Asnani,
339,2012,Pune,24-04-2012,PW,DD,PW,bat,normal,0,DD,0,8,V Sehwag,Subrata Roy Sahara Stadium,S Ravi,RJ Tucker,
340,2012,Chandigarh,25-04-2012,KXP,MI,KXP,bat,normal,0,MI,0,4,AT Rayudu,"Punjab Cricket Association Stadium, Mohali",Aleem Dar,BNJ Oxenford,
341,2012,Pune,26-04-2012,DCH,PW,DCH,bat,normal,0,DCH,18,0,CL White,Subrata Roy Sahara Stadium,S Ravi,RJ Tucker,
342,2012,Delhi,27-04-2012,DD,MI,MI,field,normal,0,DD,37,0,V Sehwag,Feroz Shah Kotla,Aleem Dar,BNJ Oxenford,
343,2012,Chennai,28-04-2012,KXP,CSK,KXP,bat,normal,0,KXP,7,0,Mandeep Singh,"MA Chidambaram Stadium, Chepauk",BF Bowden,SK Tarapore,
344,2012,Kolkata,28-04-2012,KKR,RCB,KKR,bat,normal,0,KKR,47,0,G Gambhir,Eden Gardens,Asad Rauf,BR Doctrove,
345,2012,Delhi,29-04-2012,DD,RR,DD,bat,normal,0,DD,1,0,V Sehwag,Feroz Shah Kotla,S Ravi,RJ Tucker,
346,2012,Mumbai,29-04-2012,DCH,MI,MI,field,normal,0,MI,0,5,DW Steyn,Wankhede Stadium,AK Chaudhary,BNJ Oxenford,
347,2012,Chennai,30-04-2012,CSK,KKR,CSK,bat,normal,0,KKR,0,5,G Gambhir,"MA Chidambaram Stadium, Chepauk",BF Bowden,C Shamshuddin,
348,2012,Cuttack,01-05-2012,DCH,PW,DCH,bat,normal,0,DCH,13,0,KC Sangakkara,Barabati Stadium,Aleem Dar,AK Chaudhary,
349,2012,Jaipur,01-05-2012,RR,DD,RR,bat,normal,0,DD,0,6,P Negi,Sawai Mansingh Stadium,JD Cloete,SJA Taufel,
350,2012,Bangalore,02-05-2012,RCB,KXP,KXP,field,normal,0,KXP,0,4,Azhar Mahmood,M Chinnaswamy Stadium,BF Bowden,C Shamshuddin,
351,2012,Pune,03-05-2012,MI,PW,MI,bat,normal,0,MI,1,0,SL Malinga,Subrata Roy Sahara Stadium,Asad Rauf,S Asnani,
352,2012,Chennai,04-05-2012,CSK,DCH,CSK,bat,normal,0,CSK,10,0,SK Raina,"MA Chidambaram Stadium, Chepauk",HDPK Dharmasena,BNJ Oxenford,
353,2012,Kolkata,05-05-2012,KKR,PW,KKR,bat,normal,0,KKR,7,0,SP Narine,Eden Gardens,BF Bowden,SK Tarapore,
354,2012,Chandigarh,05-05-2012,RR,KXP,RR,bat,normal,0,RR,43,0,SR Watson,"Punjab Cricket Association Stadium, Mohali",JD Cloete,SJA Taufel,
355,2012,Mumbai,06-05-2012,CSK,MI,MI,field,normal,0,MI,0,2,DR Smith,Wankhede Stadium,Asad Rauf,S Asnani,
356,2012,Bangalore,06-05-2012,DCH,RCB,RCB,field,normal,0,RCB,0,5,AB de Villiers,M Chinnaswamy Stadium,HDPK Dharmasena,BNJ Oxenford,
357,2012,Delhi,07-05-2012,DD,KKR,DD,bat,normal,0,KKR,0,6,JH Kallis,Feroz Shah Kotla,JD Cloete,S Ravi,
358,2012,Pune,08-05-2012,PW,RR,PW,bat,normal,0,RR,0,7,SR Watson,Subrata Roy Sahara Stadium,Asad Rauf,BR Doctrove,
359,2012,Hyderabad,08-05-2012,KXP,DCH,DCH,field,normal,0,KXP,25,0,Mandeep Singh,"Rajiv Gandhi International Stadium, Uppal",HDPK Dharmasena,BNJ Oxenford,
360,2012,Mumbai,09-05-2012,MI,RCB,RCB,field,normal,0,RCB,0,9,CH Gayle,Wankhede Stadium,BF Bowden,VA Kulkarni,
361,2012,Jaipur,10-05-2012,RR,CSK,CSK,field,normal,0,CSK,0,4,BW Hilfenhaus,Sawai Mansingh Stadium,BNJ Oxenford,C Shamshuddin,
362,2012,Pune,11-05-2012,RCB,PW,PW,field,normal,0,RCB,35,0,CH Gayle,Subrata Roy Sahara Stadium,BF Bowden,SK Tarapore,
363,2012,Kolkata,12-05-2012,MI,KKR,MI,bat,normal,0,MI,27,0,RG Sharma,Eden Gardens,S Ravi,SJA Taufel,
364,2012,Chennai,12-05-2012,DD,CSK,CSK,field,normal,0,CSK,0,9,BW Hilfenhaus,"MA Chidambaram Stadium, Chepauk",S Das,BR Doctrove,
365,2012,Jaipur,13-05-2012,RR,PW,RR,bat,normal,0,RR,45,0,A Chandila,Sawai Mansingh Stadium,BF Bowden,SK Tarapore,
366,2012,Chandigarh,13-05-2012,DCH,KXP,DCH,bat,normal,0,KXP,0,4,DJ Hussey,"Punjab Cricket Association Stadium, Mohali",HDPK Dharmasena,BNJ Oxenford,
367,2012,Bangalore,14-05-2012,RCB,MI,MI,field,normal,0,MI,0,5,AT Rayudu,M Chinnaswamy Stadium,S Das,BR Doctrove,
368,2012,Kolkata,14-05-2012,KKR,CSK,CSK,field,normal,0,CSK,0,5,MEK Hussey,Eden Gardens,JD Cloete,SJA Taufel,
369,2012,Delhi,15-05-2012,KXP,DD,KXP,bat,normal,0,DD,0,5,UT Yadav,Feroz Shah Kotla,HDPK Dharmasena,BNJ Oxenford,
370,2012,Mumbai,16-05-2012,KKR,MI,MI,field,normal,0,KKR,32,0,SP Narine,Wankhede Stadium,S Das,BR Doctrove,
371,2012,Dharamsala,17-05-2012,CSK,KXP,KXP,field,normal,0,KXP,0,6,AC Gilchrist,Himachal Pradesh Cricket Association Stadium,VA Kulkarni,SK Tarapore,
372,2012,Delhi,17-05-2012,RCB,DD,DD,field,normal,0,RCB,21,0,CH Gayle,Feroz Shah Kotla,HDPK Dharmasena,C Shamshuddin,
373,2012,Hyderabad,18-05-2012,RR,DCH,RR,bat,normal,0,DCH,0,5,DW Steyn,"Rajiv Gandhi International Stadium, Uppal",S Ravi,SJA Taufel,
374,2012,Dharamsala,19-05-2012,KXP,DD,DD,field,normal,0,DD,0,6,UT Yadav,Himachal Pradesh Cricket Association Stadium,BF Bowden,VA Kulkarni,
375,2012,Pune,19-05-2012,KKR,PW,KKR,bat,normal,0,KKR,34,0,Shakib Al Hasan,Subrata Roy Sahara Stadium,S Asnani,BR Doctrove,
376,2012,Hyderabad,20-05-2012,DCH,RCB,RCB,field,normal,0,DCH,9,0,DW Steyn,"Rajiv Gandhi International Stadium, Uppal",S Ravi,SJA Taufel,
377,2012,Jaipur,20-05-2012,RR,MI,RR,bat,normal,0,MI,0,10,DR Smith,Sawai Mansingh Stadium,HDPK Dharmasena,C Shamshuddin,
378,2012,Pune,22-05-2012,KKR,DD,KKR,bat,normal,0,KKR,18,0,YK Pathan,Subrata Roy Sahara Stadium,BR Doctrove,SJA Taufel,
379,2012,Bangalore,23-05-2012,CSK,MI,MI,field,normal,0,CSK,38,0,MS Dhoni,M Chinnaswamy Stadium,BF Bowden,HDPK Dharmasena,
380,2012,Chennai,25-05-2012,CSK,DD,DD,field,normal,0,CSK,86,0,M Vijay,"MA Chidambaram Stadium, Chepauk",BR Doctrove,SJA Taufel,
381,2012,Chennai,27-05-2012,CSK,KKR,CSK,bat,normal,0,KKR,0,5,MS Bisla,"MA Chidambaram Stadium, Chepauk",BF Bowden,SJA Taufel,
382,2013,Kolkata,03-04-2013,DD,KKR,KKR,field,normal,0,KKR,0,6,SP Narine,Eden Gardens,S Ravi,SJA Taufel,
383,2013,Bangalore,04-04-2013,RCB,MI,MI,field,normal,0,RCB,2,0,CH Gayle,M Chinnaswamy Stadium,VA Kulkarni,C Shamshuddin,
384,2013,Hyderabad,05-04-2013,SH,PW,PW,field,normal,0,SH,22,0,A Mishra,"Rajiv Gandhi International Stadium, Uppal",S Ravi,SJA Taufel,
385,2013,Delhi,06-04-2013,RR,DD,RR,bat,normal,0,RR,5,0,R Dravid,Feroz Shah Kotla,S Das,C Shamshuddin,
386,2013,Chennai,06-04-2013,MI,CSK,MI,bat,normal,0,MI,9,0,KA Pollard,"MA Chidambaram Stadium, Chepauk",M Erasmus,VA Kulkarni,
387,2013,Pune,07-04-2013,PW,KXP,PW,bat,normal,0,KXP,0,8,M Vohra,Subrata Roy Sahara Stadium,S Asnani,SJA Taufel,
388,2013,Hyderabad,07-04-2013,RCB,SH,RCB,bat,tie,0,SH,0,0,GH Vihari,"Rajiv Gandhi International Stadium, Uppal",AK Chaudhary,S Ravi,
389,2013,Jaipur,08-04-2013,RR,KKR,KKR,field,normal,0,RR,19,0,SK Trivedi,Sawai Mansingh Stadium,Aleem Dar,S Das,
390,2013,Mumbai,09-04-2013,MI,DD,MI,bat,normal,0,MI,44,0,KD Karthik,Wankhede Stadium,M Erasmus,VA Kulkarni,
391,2013,Chandigarh,10-04-2013,KXP,CSK,CSK,field,normal,0,CSK,0,10,MEK Hussey,"Punjab Cricket Association Stadium, Mohali",Aleem Dar,C Shamshuddin,
392,2013,Bangalore,11-04-2013,KKR,RCB,RCB,field,normal,0,RCB,0,8,CH Gayle,M Chinnaswamy Stadium,Asad Rauf,AK Chaudhary,
393,2013,Pune,11-04-2013,RR,PW,RR,bat,normal,0,PW,0,7,AJ Finch,Subrata Roy Sahara Stadium,M Erasmus,K Srinath,
394,2013,Delhi,12-04-2013,DD,SH,DD,bat,normal,0,SH,0,3,A Mishra,Feroz Shah Kotla,Aleem Dar,Subroto Das,
395,2013,Mumbai,13-04-2013,MI,PW,MI,bat,normal,0,MI,41,0,RG Sharma,Wankhede Stadium,S Ravi,SJA Taufel,
396,2013,Chennai,13-04-2013,RCB,CSK,CSK,field,normal,0,CSK,0,4,RA Jadeja,"MA Chidambaram Stadium, Chepauk",Asad Rauf,AK Chaudhary,
397,2013,Kolkata,14-04-2013,KKR,SH,KKR,bat,normal,0,KKR,48,0,G Gambhir,Eden Gardens,M Erasmus,VA Kulkarni,
398,2013,Jaipur,14-04-2013,KXP,RR,RR,field,normal,0,RR,0,6,JP Faulkner,Sawai Mansingh Stadium,Aleem Dar,C Shamshuddin,
399,2013,Chennai,15-04-2013,PW,CSK,PW,bat,normal,0,PW,24,0,SPD Smith,"MA Chidambaram Stadium, Chepauk",Asad Rauf,AK Chaudhary,
400,2013,Chandigarh,16-04-2013,KXP,KKR,KKR,field,normal,0,KXP,4,0,MS Gony,"Punjab Cricket Association Stadium, Mohali",CK Nandan,SJA Taufel,
401,2013,Bangalore,16-04-2013,DD,RCB,RCB,field,tie,0,RCB,0,0,V Kohli,M Chinnaswamy Stadium,M Erasmus,VA Kulkarni,
402,2013,Pune,17-04-2013,SH,PW,PW,field,normal,0,SH,11,0,A Mishra,Subrata Roy Sahara Stadium,Asad Rauf,AK Chaudhary,
403,2013,Jaipur,17-04-2013,RR,MI,RR,bat,normal,0,RR,87,0,AM Rahane,Sawai Mansingh Stadium,Aleem Dar,C Shamshuddin,
404,2013,Delhi,18-04-2013,CSK,DD,CSK,bat,normal,0,CSK,86,0,MEK Hussey,Feroz Shah Kotla,M Erasmus,VA Kulkarni,
405,2013,Hyderabad,19-04-2013,KXP,SH,KXP,bat,normal,0,SH,0,5,GH Vihari,"Rajiv Gandhi International Stadium, Uppal",HDPK Dharmasena,CK Nandan,
406,2013,Kolkata,20-04-2013,KKR,CSK,KKR,bat,normal,0,CSK,0,4,RA Jadeja,Eden Gardens,Asad Rauf,AK Chaudhary,
407,2013,Bangalore,20-04-2013,RR,RCB,RCB,field,normal,0,RCB,0,7,R Vinay Kumar,M Chinnaswamy Stadium,Aleem Dar,C Shamshuddin,
408,2013,Delhi,21-04-2013,MI,DD,MI,bat,normal,0,DD,0,9,V Sehwag,Feroz Shah Kotla,HDPK Dharmasena,S Ravi,
409,2013,Chandigarh,21-04-2013,PW,KXP,KXP,field,normal,0,KXP,0,7,DA Miller,"Punjab Cricket Association Stadium, Mohali",M Erasmus,K Srinath,
410,2013,Chennai,22-04-2013,RR,CSK,RR,bat,normal,0,CSK,0,5,MEK Hussey,"MA Chidambaram Stadium, Chepauk",S Asnani,AK Chaudhary,
411,2013,Bangalore,23-04-2013,RCB,PW,PW,field,normal,0,RCB,130,0,CH Gayle,M Chinnaswamy Stadium,Aleem Dar,C Shamshuddin,
412,2013,Dharamsala,16-05-2013,KXP,DD,DD,field,normal,0,KXP,7,0,DA Miller,Himachal Pradesh Cricket Association Stadium,HDPK Dharmasena,S Ravi,
413,2013,Kolkata,24-04-2013,KKR,MI,KKR,bat,normal,0,MI,0,5,DR Smith,Eden Gardens,HDPK Dharmasena,S Ravi,
414,2013,Chennai,25-04-2013,SH,CSK,SH,bat,normal,0,CSK,0,5,MS Dhoni,"MA Chidambaram Stadium, Chepauk",Aleem Dar,S Das,
415,2013,Kolkata,26-04-2013,KXP,KKR,KXP,bat,normal,0,KKR,0,6,JH Kallis,Eden Gardens,CK Nandan,S Ravi,
416,2013,Jaipur,27-04-2013,SH,RR,SH,bat,normal,0,RR,0,8,JP Faulkner,Sawai Mansingh Stadium,VA Kulkarni,K Srinath,
417,2013,Mumbai,27-04-2013,MI,RCB,MI,bat,normal,0,MI,58,0,DR Smith,Wankhede Stadium,Asad Rauf,S Asnani,
418,2013,Chennai,28-04-2013,CSK,KKR,KKR,field,normal,0,CSK,14,0,MEK Hussey,"MA Chidambaram Stadium, Chepauk",Aleem Dar,SJA Taufel,
419,2013,Raipur,28-04-2013,DD,PW,PW,field,normal,0,DD,15,0,DA Warner,Shaheed Veer Narayan Singh International Stadium,CK Nandan,S Ravi,
420,2013,Jaipur,29-04-2013,RCB,RR,RR,field,normal,0,RR,0,4,SV Samson,Sawai Mansingh Stadium,M Erasmus,K Srinath,
421,2013,Mumbai,29-04-2013,MI,KXP,MI,bat,normal,0,MI,4,0,RG Sharma,Wankhede Stadium,Asad Rauf,AK Chaudhary,
422,2013,Pune,30-04-2013,CSK,PW,CSK,bat,normal,0,CSK,37,0,MS Dhoni,Subrata Roy Sahara Stadium,S Das,SJA Taufel,
423,2013,Hyderabad,01-05-2013,MI,SH,MI,bat,normal,0,SH,0,7,I Sharma,"Rajiv Gandhi International Stadium, Uppal",Asad Rauf,S Asnani,
424,2013,Raipur,01-05-2013,KKR,DD,KKR,bat,normal,0,DD,0,7,DA Warner,Shaheed Veer Narayan Singh International Stadium,HDPK Dharmasena,CK Nandan,
425,2013,Chennai,02-05-2013,CSK,KXP,CSK,bat,normal,0,CSK,15,0,SK Raina,"MA Chidambaram Stadium, Chepauk",M Erasmus,VA Kulkarni,
426,2013,Pune,02-05-2013,RCB,PW,RCB,bat,normal,0,RCB,17,0,AB de Villiers,Subrata Roy Sahara Stadium,Aleem Dar,C Shamshuddin,
427,2013,Kolkata,03-05-2013,RR,KKR,RR,bat,normal,0,KKR,0,8,YK Pathan,Eden Gardens,HDPK Dharmasena,CK Nandan,
428,2013,Hyderabad,04-05-2013,DD,SH,DD,bat,normal,0,SH,0,6,DJG Sammy,"Rajiv Gandhi International Stadium, Uppal",Asad Rauf,S Asnani,
429,2013,Bangalore,14-05-2013,RCB,KXP,KXP,field,normal,0,KXP,0,7,AC Gilchrist,M Chinnaswamy Stadium,HDPK Dharmasena,S Ravi,
430,2013,Mumbai,05-05-2013,MI,CSK,MI,bat,normal,0,MI,60,0,MG Johnson,Wankhede Stadium,HDPK Dharmasena,CK Nandan,
431,2013,Jaipur,05-05-2013,PW,RR,PW,bat,normal,0,RR,0,5,AM Rahane,Sawai Mansingh Stadium,C Shamshuddin,RJ Tucker,
432,2013,Bangalore,09-04-2013,SH,RCB,SH,bat,normal,0,RCB,0,7,V Kohli,M Chinnaswamy Stadium,S Ravi,SJA Taufel,
433,2013,Jaipur,07-05-2013,DD,RR,DD,bat,normal,0,RR,0,9,AM Rahane,Sawai Mansingh Stadium,Aleem Dar,RJ Tucker,
434,2013,Mumbai,07-05-2013,MI,KKR,MI,bat,normal,0,MI,65,0,SR Tendulkar,Wankhede Stadium,HDPK Dharmasena,S Ravi,
435,2013,Hyderabad,08-05-2013,CSK,SH,SH,field,normal,0,CSK,77,0,SK Raina,"Rajiv Gandhi International Stadium, Uppal",S Das,NJ Llong,
436,2013,Chandigarh,09-05-2013,KXP,RR,RR,field,normal,0,RR,0,8,KK Cooper,"Punjab Cricket Association Stadium, Mohali",HDPK Dharmasena,S Ravi,
437,2013,Pune,09-05-2013,KKR,PW,KKR,bat,normal,0,KKR,46,0,G Gambhir,Subrata Roy Sahara Stadium,Asad Rauf,S Asnani,
438,2013,Delhi,10-05-2013,RCB,DD,DD,field,normal,0,RCB,4,0,JD Unadkat,Feroz Shah Kotla,NJ Llong,K Srinath,
439,2013,Pune,11-05-2013,PW,MI,PW,bat,normal,0,MI,0,5,MG Johnson,Subrata Roy Sahara Stadium,Asad Rauf,AK Chaudhary,
440,2013,Chandigarh,11-05-2013,SH,KXP,KXP,field,normal,0,SH,30,0,PA Patel,"Punjab Cricket Association Stadium, Mohali",S Das,RJ Tucker,
441,2013,Ranchi,12-05-2013,RCB,KKR,KKR,field,normal,0,KKR,0,5,JH Kallis,JSCA International Stadium Complex,NJ Llong,K Srinath,
442,2013,Jaipur,12-05-2013,CSK,RR,RR,field,normal,0,RR,0,5,SR Watson,Sawai Mansingh Stadium,HDPK Dharmasena,CK Nandan,
443,2013,Delhi,23-04-2013,DD,KXP,KXP,field,normal,0,KXP,0,5,Harmeet Singh,Feroz Shah Kotla,VA Kulkarni,K Srinath,
444,2013,Mumbai,13-05-2013,SH,MI,SH,bat,normal,0,MI,0,7,KA Pollard,Wankhede Stadium,AK Chaudhary,SJA Taufel,
445,2013,Ranchi,15-05-2013,PW,KKR,KKR,field,normal,0,PW,7,0,MK Pandey,JSCA International Stadium Complex,NJ Llong,K Srinath,
446,2013,Chennai,14-05-2013,CSK,DD,CSK,bat,normal,0,CSK,33,0,MS Dhoni,"MA Chidambaram Stadium, Chepauk",C Shamshuddin,RJ Tucker,
447,2013,Mumbai,15-05-2013,MI,RR,RR,field,normal,0,MI,14,0,AP Tare,Wankhede Stadium,Asad Rauf,S Asnani,
448,2013,Chandigarh,06-05-2013,RCB,KXP,KXP,field,normal,0,KXP,0,6,DA Miller,"Punjab Cricket Association Stadium, Mohali",VA Kulkarni,NJ Llong,
449,2013,Hyderabad,17-05-2013,SH,RR,SH,bat,normal,0,SH,23,0,A Mishra,"Rajiv Gandhi International Stadium, Uppal",Asad Rauf,AK Chaudhary,
450,2013,Dharamsala,18-05-2013,KXP,MI,MI,field,normal,0,KXP,50,0,Azhar Mahmood,Himachal Pradesh Cricket Association Stadium,HDPK Dharmasena,CK Nandan,
451,2013,Pune,19-05-2013,PW,DD,PW,bat,normal,0,PW,38,0,LJ Wright,Subrata Roy Sahara Stadium,NJ Llong,SJA Taufel,
452,2013,Bangalore,18-05-2013,RCB,CSK,CSK,field,normal,0,RCB,24,0,V Kohli,M Chinnaswamy Stadium,C Shamshuddin,RJ Tucker,
453,2013,Hyderabad,19-05-2013,KKR,SH,KKR,bat,normal,0,SH,0,5,PA Patel,"Rajiv Gandhi International Stadium, Uppal",Asad Rauf,S Asnani,
454,2013,Delhi,21-05-2013,CSK,MI,CSK,bat,normal,0,CSK,48,0,MEK Hussey,Feroz Shah Kotla,NJ Llong,RJ Tucker,
455,2013,Delhi,22-05-2013,SH,RR,SH,bat,normal,0,RR,0,4,BJ Hodge,Feroz Shah Kotla,S Ravi,RJ Tucker,
456,2013,Kolkata,24-05-2013,RR,MI,RR,bat,normal,0,MI,0,4,Harbhajan Singh,Eden Gardens,C Shamshuddin,SJA Taufel,
457,2013,Kolkata,26-05-2013,MI,CSK,MI,bat,normal,0,MI,23,0,KA Pollard,Eden Gardens,HDPK Dharmasena,SJA Taufel,
458,2014,Abu Dhabi,16-04-2014,KKR,MI,KKR,bat,normal,0,KKR,41,0,JH Kallis,Sheikh Zayed Stadium,M Erasmus,RK Illingworth,
459,2014,Sharjah,17-04-2014,DD,RCB,RCB,field,normal,0,RCB,0,8,YS Chahal,Sharjah Cricket Stadium,Aleem Dar,S Ravi,
460,2014,Abu Dhabi,18-04-2014,CSK,KXP,CSK,bat,normal,0,KXP,0,6,GJ Maxwell,Sheikh Zayed Stadium,RK Illingworth,C Shamshuddin,
461,2014,Abu Dhabi,18-04-2014,SH,RR,RR,field,normal,0,RR,0,4,AM Rahane,Sheikh Zayed Stadium,BF Bowden,RK Illingworth,
462,2014,,19-04-2014,MI,RCB,RCB,field,normal,0,RCB,0,7,PA Patel,Dubai International Cricket Stadium,Aleem Dar,AK Chaudhary,
463,2014,,19-04-2014,KKR,DD,KKR,bat,normal,0,DD,0,4,JP Duminy,Dubai International Cricket Stadium,Aleem Dar,VA Kulkarni,
464,2014,Sharjah,20-04-2014,RR,KXP,KXP,field,normal,0,KXP,0,7,GJ Maxwell,Sharjah Cricket Stadium,BF Bowden,M Erasmus,
465,2014,Abu Dhabi,21-04-2014,CSK,DD,CSK,bat,normal,0,CSK,93,0,SK Raina,Sheikh Zayed Stadium,RK Illingworth,C Shamshuddin,
466,2014,Sharjah,22-04-2014,KXP,SH,SH,field,normal,0,KXP,72,0,GJ Maxwell,Sharjah Cricket Stadium,M Erasmus,S Ravi,
467,2014,,23-04-2014,CSK,RR,RR,field,normal,0,CSK,7,0,RA Jadeja,Dubai International Cricket Stadium,HDPK Dharmasena,RK Illingworth,
468,2014,Sharjah,24-04-2014,KKR,RCB,RCB,field,normal,0,KKR,2,0,CA Lynn,Sharjah Cricket Stadium,Aleem Dar,VA Kulkarni,
469,2014,,25-04-2014,SH,DD,SH,bat,normal,0,SH,4,0,AJ Finch,Dubai International Cricket Stadium,M Erasmus,S Ravi,
470,2014,,25-04-2014,MI,CSK,MI,bat,normal,0,CSK,0,7,MM Sharma,Dubai International Cricket Stadium,BF Bowden,M Erasmus,
471,2014,Abu Dhabi,26-04-2014,RCB,RR,RR,field,normal,0,RR,0,6,PV Tambe,Sheikh Zayed Stadium,HDPK Dharmasena,C Shamshuddin,
472,2014,Abu Dhabi,26-04-2014,KXP,KKR,KKR,field,normal,0,KXP,23,0,Sandeep Sharma,Sheikh Zayed Stadium,HDPK Dharmasena,RK Illingworth,
473,2014,Sharjah,27-04-2014,MI,DD,MI,bat,normal,0,DD,0,6,M Vijay,Sharjah Cricket Stadium,Aleem Dar,VA Kulkarni,
474,2014,Sharjah,27-04-2014,SH,CSK,SH,bat,normal,0,CSK,0,5,DR Smith,Sharjah Cricket Stadium,AK Chaudhary,VA Kulkarni,
475,2014,,28-04-2014,RCB,KXP,KXP,field,normal,0,KXP,0,5,Sandeep Sharma,Dubai International Cricket Stadium,BF Bowden,S Ravi,
476,2014,Abu Dhabi,29-04-2014,RR,KKR,RR,bat,tie,0,RR,0,0,JP Faulkner,Sheikh Zayed Stadium,Aleem Dar,AK Chaudhary,
477,2014,,30-04-2014,SH,MI,MI,field,normal,0,SH,15,0,B Kumar,Dubai International Cricket Stadium,HDPK Dharmasena,M Erasmus,
478,2014,Ranchi,02-05-2014,CSK,KKR,CSK,bat,normal,0,CSK,34,0,RA Jadeja,JSCA International Stadium Complex,AK Chaudhary,NJ Llong,
479,2014,Mumbai,03-05-2014,KXP,MI,KXP,bat,normal,0,MI,0,5,CJ Anderson,Wankhede Stadium,BNJ Oxenford,C Shamshuddin,
480,2014,Delhi,03-05-2014,DD,RR,RR,field,normal,0,RR,0,7,KK Nair,Feroz Shah Kotla,SS Hazare,S Ravi,
481,2014,Bangalore,04-05-2014,SH,RCB,RCB,field,normal,0,RCB,0,4,AB de Villiers,M Chinnaswamy Stadium,HDPK Dharmasena,VA Kulkarni,
482,2014,Ahmedabad,05-05-2014,RR,KKR,KKR,field,normal,0,RR,10,0,PV Tambe,"Sardar Patel Stadium, Motera",NJ Llong,CK Nandan,
483,2014,Delhi,05-05-2014,DD,CSK,CSK,field,normal,0,CSK,0,8,DR Smith,Feroz Shah Kotla,RM Deshpande,BNJ Oxenford,
484,2014,Mumbai,06-05-2014,MI,RCB,RCB,field,normal,0,MI,19,0,RG Sharma,Wankhede Stadium,S Ravi,K Srinath,
485,2014,Delhi,07-05-2014,DD,KKR,DD,bat,normal,0,KKR,0,8,G Gambhir,Feroz Shah Kotla,BNJ Oxenford,C Shamshuddin,
486,2014,Cuttack,07-05-2014,KXP,CSK,CSK,field,normal,0,KXP,44,0,GJ Maxwell,Barabati Stadium,HDPK Dharmasena,PG Pathak,
487,2014,Ahmedabad,08-05-2014,SH,RR,RR,field,normal,0,SH,32,0,B Kumar,"Sardar Patel Stadium, Motera",AK Chaudhary,NJ Llong,
488,2014,Bangalore,09-05-2014,KXP,RCB,RCB,field,normal,0,KXP,32,0,Sandeep Sharma,M Chinnaswamy Stadium,S Ravi,K Srinath,
489,2014,Delhi,10-05-2014,DD,SH,SH,field,normal,1,SH,0,8,DW Steyn,Feroz Shah Kotla,RM Deshpande,BNJ Oxenford,
490,2014,Mumbai,10-05-2014,MI,CSK,CSK,field,normal,0,CSK,0,4,DR Smith,Wankhede Stadium,HDPK Dharmasena,VA Kulkarni,
491,2014,Cuttack,11-05-2014,KXP,KKR,KKR,field,normal,0,KKR,0,9,G Gambhir,Barabati Stadium,NJ Llong,CK Nandan,
492,2014,Bangalore,11-05-2014,RCB,RR,RCB,bat,normal,0,RR,0,5,JP Faulkner,M Chinnaswamy Stadium,S Ravi,RJ Tucker,
493,2014,Hyderabad,12-05-2014,SH,MI,SH,bat,normal,0,MI,0,7,AT Rayudu,"Rajiv Gandhi International Stadium, Uppal",HDPK Dharmasena,VA Kulkarni,
494,2014,Ranchi,13-05-2014,RR,CSK,RR,bat,normal,0,CSK,0,5,RA Jadeja,JSCA International Stadium Complex,BNJ Oxenford,C Shamshuddin,
495,2014,Bangalore,13-05-2014,RCB,DD,DD,field,normal,0,RCB,16,0,Yuvraj Singh,M Chinnaswamy Stadium,K Srinath,RJ Tucker,
496,2014,Hyderabad,14-05-2014,SH,KXP,KXP,field,normal,0,KXP,0,6,WP Saha,"Rajiv Gandhi International Stadium, Uppal",VA Kulkarni,PG Pathak,
497,2014,Cuttack,14-05-2014,MI,KKR,KKR,field,normal,0,KKR,0,6,RV Uthappa,Barabati Stadium,AK Chaudhary,NJ Llong,
498,2014,Ahmedabad,15-05-2014,RR,DD,DD,field,normal,0,RR,62,0,AM Rahane,"Sardar Patel Stadium, Motera",S Ravi,RJ Tucker,
499,2014,Ranchi,18-05-2014,CSK,RCB,CSK,bat,normal,0,RCB,0,5,AB de Villiers,JSCA International Stadium Complex,BNJ Oxenford,C Shamshuddin,
500,2014,Hyderabad,18-05-2014,SH,KKR,SH,bat,normal,0,KKR,0,7,UT Yadav,"Rajiv Gandhi International Stadium, Uppal",NJ Llong,CK Nandan,
501,2014,Ahmedabad,19-05-2014,MI,RR,MI,bat,normal,0,MI,25,0,MEK Hussey,"Sardar Patel Stadium, Motera",S Ravi,RJ Tucker,
502,2014,Delhi,19-05-2014,DD,KXP,KXP,field,normal,0,KXP,0,4,AR Patel,Feroz Shah Kotla,HDPK Dharmasena,PG Pathak,
503,2014,Hyderabad,20-05-2014,RCB,SH,RCB,bat,normal,0,SH,0,7,DA Warner,"Rajiv Gandhi International Stadium, Uppal",AK Chaudhary,NJ Llong,
504,2014,Kolkata,20-05-2014,CSK,KKR,KKR,field,normal,0,KKR,0,8,RV Uthappa,Eden Gardens,RM Deshpande,C Shamshuddin,
505,2014,Chandigarh,21-05-2014,KXP,MI,MI,field,normal,0,MI,0,7,LMP Simmons,"Punjab Cricket Association Stadium, Mohali",HDPK Dharmasena,VA Kulkarni,
506,2014,Kolkata,22-05-2014,KKR,RCB,RCB,field,normal,0,KKR,30,0,RV Uthappa,Eden Gardens,AK Chaudhary,CK Nandan,
507,2014,Ranchi,22-05-2014,CSK,SH,SH,field,normal,0,SH,0,6,DA Warner,JSCA International Stadium Complex,BNJ Oxenford,C Shamshuddin,
508,2014,Mumbai,23-05-2014,MI,DD,DD,field,normal,0,MI,15,0,MEK Hussey,Wankhede Stadium,S Ravi,RJ Tucker,
509,2014,Chandigarh,23-05-2014,KXP,RR,RR,field,normal,0,KXP,16,0,SE Marsh,"Punjab Cricket Association Stadium, Mohali",HDPK Dharmasena,PG Pathak,
510,2014,Bangalore,24-05-2014,RCB,CSK,CSK,field,normal,0,CSK,0,8,MS Dhoni,M Chinnaswamy Stadium,AK Chaudhary,NJ Llong,
511,2014,Kolkata,24-05-2014,SH,KKR,KKR,field,normal,0,KKR,0,4,YK Pathan,Eden Gardens,RM Deshpande,BNJ Oxenford,
512,2014,Chandigarh,25-05-2014,DD,KXP,KXP,field,normal,0,KXP,0,7,M Vohra,"Punjab Cricket Association Stadium, Mohali",HDPK Dharmasena,VA Kulkarni,
513,2014,Mumbai,25-05-2014,RR,MI,MI,field,normal,0,MI,0,5,CJ Anderson,Wankhede Stadium,K Srinath,RJ Tucker,
514,2014,Kolkata,27-05-2014,KKR,KXP,KXP,field,normal,0,KKR,28,0,UT Yadav,Eden Gardens,NJ Llong,S Ravi,
515,2014,Mumbai,28-05-2014,MI,CSK,CSK,field,normal,0,CSK,0,7,SK Raina,Brabourne Stadium,VA Kulkarni,BNJ Oxenford,
516,2014,Mumbai,30-05-2014,KXP,CSK,CSK,field,normal,0,KXP,24,0,V Sehwag,Wankhede Stadium,HDPK Dharmasena,RJ Tucker,
517,2014,Bangalore,01-06-2014,KXP,KKR,KKR,field,normal,0,KKR,0,3,MK Pandey,M Chinnaswamy Stadium,HDPK Dharmasena,BNJ Oxenford,
518,2015,Kolkata,08-04-2015,MI,KKR,KKR,field,normal,0,KKR,0,7,M Morkel,Eden Gardens,S Ravi,C Shamshuddin,
519,2015,Chennai,09-04-2015,CSK,DD,DD,field,normal,0,CSK,1,0,A Nehra,"MA Chidambaram Stadium, Chepauk",RK Illingworth,VA Kulkarni,
520,2015,Pune,10-04-2015,RR,KXP,KXP,field,normal,0,RR,26,0,JP Faulkner,Maharashtra Cricket Association Stadium,SD Fry,CB Gaffaney,
521,2015,Chennai,11-04-2015,CSK,SH,CSK,bat,normal,0,CSK,45,0,BB McCullum,"MA Chidambaram Stadium, Chepauk",RK Illingworth,VA Kulkarni,
522,2015,Kolkata,11-04-2015,KKR,RCB,RCB,field,normal,0,RCB,0,3,CH Gayle,Eden Gardens,S Ravi,C Shamshuddin,
523,2015,Delhi,12-04-2015,DD,RR,RR,field,normal,0,RR,0,3,DJ Hooda,Feroz Shah Kotla,SD Fry,CB Gaffaney,
524,2015,Mumbai,12-04-2015,KXP,MI,MI,field,normal,0,KXP,18,0,GJ Bailey,Wankhede Stadium,AK Chaudhary,K Srinivasan,
525,2015,Bangalore,13-04-2015,RCB,SH,SH,field,normal,0,SH,0,8,DA Warner,M Chinnaswamy Stadium,RM Deshpande,RK Illingworth,
526,2015,Ahmedabad,14-04-2015,MI,RR,MI,bat,normal,0,RR,0,7,SPD Smith,"Sardar Patel Stadium, Motera",AK Chaudhary,SD Fry,
527,2015,Kolkata,30-04-2015,CSK,KKR,KKR,field,normal,0,KKR,0,7,AD Russell,Eden Gardens,AK Chaudhary,M Erasmus,
528,2015,Pune,15-04-2015,KXP,DD,KXP,bat,normal,0,DD,0,5,MA Agarwal,Maharashtra Cricket Association Stadium,CB Gaffaney,K Srinath,
529,2015,Visakhapatnam,16-04-2015,SH,RR,RR,field,normal,0,RR,0,6,AM Rahane,Dr. Y.S. Rajasekhara Reddy ACA-VDCA Cricket Stadium,PG Pathak,S Ravi,
530,2015,Mumbai,17-04-2015,MI,CSK,MI,bat,normal,0,CSK,0,6,A Nehra,Wankhede Stadium,AK Chaudhary,M Erasmus,
531,2015,Visakhapatnam,18-04-2015,DD,SH,DD,bat,normal,0,DD,4,0,JP Duminy,Dr. Y.S. Rajasekhara Reddy ACA-VDCA Cricket Stadium,PG Pathak,S Ravi,
532,2015,Pune,18-04-2015,KXP,KKR,KKR,field,normal,0,KKR,0,4,AD Russell,Maharashtra Cricket Association Stadium,SD Fry,CK Nandan,
533,2015,Ahmedabad,19-04-2015,CSK,RR,CSK,bat,normal,0,RR,0,8,AM Rahane,"Sardar Patel Stadium, Motera",AK Chaudhary,M Erasmus,
534,2015,Bangalore,19-04-2015,MI,RCB,RCB,field,normal,0,MI,18,0,Harbhajan Singh,M Chinnaswamy Stadium,RK Illingworth,VA Kulkarni,
535,2015,Delhi,20-04-2015,DD,KKR,KKR,field,normal,0,KKR,0,6,UT Yadav,Feroz Shah Kotla,SD Fry,CB Gaffaney,
536,2015,Ahmedabad,21-04-2015,RR,KXP,KXP,field,tie,0,KXP,0,0,SE Marsh,"Sardar Patel Stadium, Motera",M Erasmus,S Ravi,
537,2015,Visakhapatnam,22-04-2015,SH,KKR,KKR,field,normal,1,SH,16,0,DA Warner,Dr. Y.S. Rajasekhara Reddy ACA-VDCA Cricket Stadium,RK Illingworth,VA Kulkarni,
538,2015,Bangalore,22-04-2015,CSK,RCB,RCB,field,normal,0,CSK,27,0,SK Raina,M Chinnaswamy Stadium,JD Cloete,C Shamshuddin,
539,2015,Delhi,23-04-2015,DD,MI,MI,field,normal,0,DD,37,0,SS Iyer,Feroz Shah Kotla,SD Fry,CK Nandan,
540,2015,Ahmedabad,24-04-2015,RR,RCB,RCB,field,normal,0,RCB,0,9,MA Starc,"Sardar Patel Stadium, Motera",M Erasmus,S Ravi,
541,2015,Mumbai,25-04-2015,MI,SH,MI,bat,normal,0,MI,20,0,SL Malinga,Wankhede Stadium,HDPK Dharmasena,CB Gaffaney,
542,2015,Chennai,25-04-2015,CSK,KXP,CSK,bat,normal,0,CSK,97,0,BB McCullum,"MA Chidambaram Stadium, Chepauk",JD Cloete,C Shamshuddin,
543,2015,Delhi,26-04-2015,DD,RCB,RCB,field,normal,0,RCB,0,10,VR Aaron,Feroz Shah Kotla,M Erasmus,S Ravi,
544,2015,Chandigarh,27-04-2015,SH,KXP,KXP,field,normal,0,SH,20,0,TA Boult,"Punjab Cricket Association Stadium, Mohali",HDPK Dharmasena,CB Gaffaney,
545,2015,Kolkata,07-05-2015,KKR,DD,KKR,bat,normal,0,KKR,13,0,PP Chawla,Eden Gardens,AK Chaudhary,M Erasmus,
546,2015,Bangalore,29-04-2015,RCB,RR,RR,field,no result,0,,0,0,,M Chinnaswamy Stadium,JD Cloete,PG Pathak,
547,2015,Chennai,28-04-2015,CSK,KKR,KKR,field,normal,0,CSK,2,0,DJ Bravo,"MA Chidambaram Stadium, Chepauk",RM Deshpande,VA Kulkarni,
548,2015,Delhi,01-05-2015,KXP,DD,DD,field,normal,0,DD,0,9,NM Coulter-Nile,Feroz Shah Kotla,RK Illingworth,S Ravi,
549,2015,Mumbai,01-05-2015,MI,RR,RR,field,normal,0,MI,8,0,AT Rayudu,Wankhede Stadium,HDPK Dharmasena,CK Nandan,
550,2015,Bangalore,02-05-2015,KKR,RCB,RCB,field,normal,0,RCB,0,7,Mandeep Singh,M Chinnaswamy Stadium,JD Cloete,PG Pathak,
551,2015,Hyderabad,02-05-2015,SH,CSK,CSK,field,normal,0,SH,22,0,DA Warner,"Rajiv Gandhi International Stadium, Uppal",AK Chaudhary,K Srinivasan,
552,2015,Chandigarh,03-05-2015,MI,KXP,MI,bat,normal,0,MI,23,0,LMP Simmons,"Punjab Cricket Association Stadium, Mohali",RK Illingworth,VA Kulkarni,
553,2015,Mumbai,03-05-2015,RR,DD,DD,field,normal,0,RR,14,0,AM Rahane,Brabourne Stadium,HDPK Dharmasena,CB Gaffaney,
554,2015,Chennai,04-05-2015,CSK,RCB,CSK,bat,normal,0,CSK,24,0,SK Raina,"MA Chidambaram Stadium, Chepauk",C Shamshuddin,K Srinath,
555,2015,Kolkata,04-05-2015,KKR,SH,SH,field,normal,0,KKR,35,0,UT Yadav,Eden Gardens,AK Chaudhary,M Erasmus,
556,2015,Mumbai,05-05-2015,DD,MI,DD,bat,normal,0,MI,0,5,Harbhajan Singh,Wankhede Stadium,HDPK Dharmasena,CB Gaffaney,
557,2015,Bangalore,06-05-2015,RCB,KXP,KXP,field,normal,0,RCB,138,0,CH Gayle,M Chinnaswamy Stadium,RK Illingworth,VA Kulkarni,
558,2015,Mumbai,07-05-2015,SH,RR,RR,field,normal,0,SH,7,0,EJG Morgan,Brabourne Stadium,JD Cloete,C Shamshuddin,
559,2015,Chennai,08-05-2015,CSK,MI,CSK,bat,normal,0,MI,0,6,HH Pandya,"MA Chidambaram Stadium, Chepauk",CB Gaffaney,CK Nandan,
560,2015,Kolkata,09-05-2015,KXP,KKR,KXP,bat,normal,0,KKR,0,1,AD Russell,Eden Gardens,AK Chaudhary,HDPK Dharmasena,
561,2015,Raipur,09-05-2015,SH,DD,SH,bat,normal,0,SH,6,0,MC Henriques,Shaheed Veer Narayan Singh International Stadium,VA Kulkarni,S Ravi,
562,2015,Mumbai,10-05-2015,RCB,MI,RCB,bat,normal,0,RCB,39,0,AB de Villiers,Wankhede Stadium,JD Cloete,C Shamshuddin,
563,2015,Chennai,10-05-2015,CSK,RR,CSK,bat,normal,0,CSK,12,0,RA Jadeja,"MA Chidambaram Stadium, Chepauk",M Erasmus,CK Nandan,
564,2015,Hyderabad,11-05-2015,SH,KXP,SH,bat,normal,0,SH,5,0,DA Warner,"Rajiv Gandhi International Stadium, Uppal",AK Chaudhary,HDPK Dharmasena,
565,2015,Raipur,12-05-2015,CSK,DD,CSK,bat,normal,0,DD,0,6,Z Khan,Shaheed Veer Narayan Singh International Stadium,RK Illingworth,VA Kulkarni,
566,2015,Chandigarh,13-05-2015,KXP,RCB,RCB,field,normal,0,KXP,22,0,AR Patel,"Punjab Cricket Association Stadium, Mohali",JD Cloete,C Shamshuddin,
567,2015,Mumbai,14-05-2015,MI,KKR,KKR,field,normal,0,MI,5,0,HH Pandya,Wankhede Stadium,RK Illingworth,VA Kulkarni,
568,2015,Hyderabad,15-05-2015,SH,RCB,SH,bat,normal,1,RCB,0,6,V Kohli,"Rajiv Gandhi International Stadium, Uppal",AK Chaudhary,HDPK Dharmasena,
569,2015,Chandigarh,16-05-2015,KXP,CSK,KXP,bat,normal,0,CSK,0,7,P Negi,"Punjab Cricket Association Stadium, Mohali",CK Nandan,C Shamshuddin,
570,2015,Mumbai,16-05-2015,RR,KKR,RR,bat,normal,0,RR,9,0,SR Watson,Brabourne Stadium,RM Deshpande,RK Illingworth,
571,2015,Bangalore,17-05-2015,DD,RCB,RCB,field,no result,0,,0,0,,M Chinnaswamy Stadium,HDPK Dharmasena,K Srinivasan,
572,2015,Hyderabad,17-05-2015,SH,MI,SH,bat,normal,0,MI,0,9,MJ McClenaghan,"Rajiv Gandhi International Stadium, Uppal",CB Gaffaney,K Srinath,
573,2015,Mumbai,19-05-2015,MI,CSK,MI,bat,normal,0,MI,25,0,KA Pollard,Wankhede Stadium,HDPK Dharmasena,RK Illingworth,
574,2015,Pune,20-05-2015,RCB,RR,RCB,bat,normal,0,RCB,71,0,AB de Villiers,Maharashtra Cricket Association Stadium,AK Chaudhary,C Shamshuddin,
575,2015,Ranchi,22-05-2015,RCB,CSK,CSK,field,normal,0,CSK,0,3,A Nehra,JSCA International Stadium Complex,AK Chaudhary,CB Gaffaney,
576,2015,Kolkata,24-05-2015,MI,CSK,CSK,field,normal,0,MI,41,0,RG Sharma,Eden Gardens,HDPK Dharmasena,RK Illingworth,
577,2016,Mumbai,09-04-2016,MI,RPS,MI,bat,normal,0,RPS,0,9,AM Rahane,Wankhede Stadium,HDPK Dharmasena,CK Nandan,
578,2016,Kolkata,10-04-2016,DD,KKR,KKR,field,normal,0,KKR,0,9,AD Russell,Eden Gardens,S Ravi,C Shamshuddin,
579,2016,Chandigarh,11-04-2016,KXP,GL,GL,field,normal,0,GL,0,5,AJ Finch,"Punjab Cricket Association IS Bindra Stadium, Mohali",AK Chaudhary,VA Kulkarni,
580,2016,Bangalore,12-04-2016,RCB,SH,SH,field,normal,0,RCB,45,0,AB de Villiers,M Chinnaswamy Stadium,HDPK Dharmasena,VK Sharma,
581,2016,Kolkata,13-04-2016,KKR,MI,MI,field,normal,0,MI,0,6,RG Sharma,Eden Gardens,Nitin Menon,S Ravi,
582,2016,Rajkot,14-04-2016,RPS,GL,RPS,bat,normal,0,GL,0,7,AJ Finch,Saurashtra Cricket Association Stadium,VA Kulkarni,CK Nandan,
583,2016,Delhi,15-04-2016,KXP,DD,DD,field,normal,0,DD,0,8,A Mishra,Feroz Shah Kotla,S Ravi,C Shamshuddin,
584,2016,Hyderabad,16-04-2016,SH,KKR,SH,bat,normal,0,KKR,0,8,G Gambhir,"Rajiv Gandhi International Stadium, Uppal",AK Chaudhary,CK Nandan,
585,2016,Mumbai,16-04-2016,MI,GL,GL,field,normal,0,GL,0,3,AJ Finch,Wankhede Stadium,HDPK Dharmasena,VK Sharma,
586,2016,Chandigarh,17-04-2016,RPS,KXP,RPS,bat,normal,0,KXP,0,6,M Vohra,"Punjab Cricket Association IS Bindra Stadium, Mohali",S Ravi,C Shamshuddin,
587,2016,Bangalore,17-04-2016,RCB,DD,DD,field,normal,0,DD,0,7,Q de Kock,M Chinnaswamy Stadium,VA Kulkarni,A Nand Kishore,
588,2016,Hyderabad,18-04-2016,MI,SH,SH,field,normal,0,SH,0,7,DA Warner,"Rajiv Gandhi International Stadium, Uppal",HDPK Dharmasena,VK Sharma,
589,2016,Chandigarh,19-04-2016,KXP,KKR,KKR,field,normal,0,KKR,0,6,RV Uthappa,"Punjab Cricket Association IS Bindra Stadium, Mohali",S Ravi,C Shamshuddin,
590,2016,Mumbai,20-04-2016,RCB,MI,MI,field,normal,0,MI,0,6,RG Sharma,Wankhede Stadium,AK Chaudhary,CK Nandan,
591,2016,Rajkot,21-04-2016,GL,SH,SH,field,normal,0,SH,0,10,B Kumar,Saurashtra Cricket Association Stadium,K Bharatan,HDPK Dharmasena,
592,2016,Pune,22-04-2016,RCB,RPS,RPS,field,normal,0,RCB,13,0,AB de Villiers,Maharashtra Cricket Association Stadium,CB Gaffaney,VK Sharma,
593,2016,Delhi,23-04-2016,DD,MI,MI,field,normal,0,DD,10,0,SV Samson,Feroz Shah Kotla,S Ravi,C Shamshuddin,
594,2016,Hyderabad,23-04-2016,KXP,SH,SH,field,normal,0,SH,0,5,Mustafizur Rahman,"Rajiv Gandhi International Stadium, Uppal",AK Chaudhary,CK Nandan,
595,2016,Rajkot,24-04-2016,RCB,GL,RCB,bat,normal,0,GL,0,6,V Kohli,Saurashtra Cricket Association Stadium,K Bharatan,BNJ Oxenford,
596,2016,Pune,24-04-2016,RPS,KKR,KKR,field,normal,0,KKR,0,2,SA Yadav,Maharashtra Cricket Association Stadium,CB Gaffaney,A Nand Kishore,
597,2016,Chandigarh,25-04-2016,MI,KXP,KXP,field,normal,0,MI,25,0,PA Patel,"Punjab Cricket Association IS Bindra Stadium, Mohali",Nitin Menon,RJ Tucker,
598,2016,Hyderabad,26-04-2016,SH,RPS,RPS,field,normal,1,RPS,34,0,AB Dinda,"Rajiv Gandhi International Stadium, Uppal",AY Dandekar,CK Nandan,
599,2016,Delhi,27-04-2016,GL,DD,DD,field,normal,0,GL,1,0,CH Morris,Feroz Shah Kotla,M Erasmus,S Ravi,
600,2016,Mumbai,28-04-2016,KKR,MI,MI,field,normal,0,MI,0,6,RG Sharma,Wankhede Stadium,Nitin Menon,RJ Tucker,
601,2016,Pune,29-04-2016,RPS,GL,GL,field,normal,0,GL,0,3,DR Smith,Maharashtra Cricket Association Stadium,CB Gaffaney,BNJ Oxenford,
602,2016,Delhi,30-04-2016,DD,KKR,KKR,field,normal,0,DD,27,0,CR Brathwaite,Feroz Shah Kotla,KN Ananthapadmanabhan,M Erasmus,
603,2016,Hyderabad,30-04-2016,SH,RCB,RCB,field,normal,0,SH,15,0,DA Warner,"Rajiv Gandhi International Stadium, Uppal",AK Chaudhary,HDPK Dharmasena,
604,2016,Rajkot,01-05-2016,KXP,GL,GL,field,normal,0,KXP,23,0,AR Patel,Saurashtra Cricket Association Stadium,BNJ Oxenford,VK Sharma,
605,2016,Pune,01-05-2016,RPS,MI,MI,field,normal,0,MI,0,8,RG Sharma,Maharashtra Cricket Association Stadium,AY Dandekar,RJ Tucker,
606,2016,Bangalore,02-05-2016,RCB,KKR,KKR,field,normal,0,KKR,0,5,AD Russell,M Chinnaswamy Stadium,M Erasmus,S Ravi,
607,2016,Rajkot,03-05-2016,GL,DD,DD,field,normal,0,DD,0,8,RR Pant,Saurashtra Cricket Association Stadium,CB Gaffaney,BNJ Oxenford,
608,2016,Kolkata,04-05-2016,KKR,KXP,KXP,field,normal,0,KKR,7,0,AD Russell,Eden Gardens,AK Chaudhary,HDPK Dharmasena,
609,2016,Delhi,05-05-2016,DD,RPS,RPS,field,normal,0,RPS,0,7,AM Rahane,Feroz Shah Kotla,C Shamshuddin,RJ Tucker,
610,2016,Hyderabad,06-05-2016,GL,SH,SH,field,normal,0,SH,0,5,B Kumar,"Rajiv Gandhi International Stadium, Uppal",M Erasmus,S Ravi,
611,2016,Bangalore,07-05-2016,RPS,RCB,RCB,field,normal,0,RCB,0,7,V Kohli,M Chinnaswamy Stadium,CB Gaffaney,BNJ Oxenford,
612,2016,Chandigarh,07-05-2016,KXP,DD,DD,field,normal,0,KXP,9,0,MP Stoinis,"Punjab Cricket Association IS Bindra Stadium, Mohali",HDPK Dharmasena,CK Nandan,
613,2016,Visakhapatnam,08-05-2016,SH,MI,MI,field,normal,0,SH,85,0,A Nehra,Dr. Y.S. Rajasekhara Reddy ACA-VDCA Cricket Stadium,S Ravi,C Shamshuddin,
614,2016,Kolkata,08-05-2016,KKR,GL,GL,field,normal,0,GL,0,5,P Kumar,Eden Gardens,M Erasmus,RJ Tucker,
615,2016,Chandigarh,09-05-2016,RCB,KXP,KXP,field,normal,0,RCB,1,0,SR Watson,"Punjab Cricket Association IS Bindra Stadium, Mohali",AK Chaudhary,HDPK Dharmasena,
616,2016,Visakhapatnam,10-05-2016,SH,RPS,SH,bat,normal,0,SH,4,0,A Zampa,Dr. Y.S. Rajasekhara Reddy ACA-VDCA Cricket Stadium,CB Gaffaney,VK Sharma,
617,2016,Bangalore,11-05-2016,RCB,MI,MI,field,normal,0,MI,0,6,KH Pandya,M Chinnaswamy Stadium,AY Dandekar,C Shamshuddin,
618,2016,Hyderabad,12-05-2016,SH,DD,DD,field,normal,0,DD,0,7,CH Morris,"Rajiv Gandhi International Stadium, Uppal",K Bharatan,M Erasmus,
619,2016,Visakhapatnam,13-05-2016,MI,KXP,MI,bat,normal,0,KXP,0,7,MP Stoinis,Dr. Y.S. Rajasekhara Reddy ACA-VDCA Cricket Stadium,HDPK Dharmasena,CK Nandan,
620,2016,Bangalore,14-05-2016,RCB,GL,GL,field,normal,0,RCB,144,0,AB de Villiers,M Chinnaswamy Stadium,AY Dandekar,VK Sharma,
621,2016,Kolkata,14-05-2016,RPS,KKR,RPS,bat,normal,1,KKR,0,8,YK Pathan,Eden Gardens,A Nand Kishore,BNJ Oxenford,
622,2016,Chandigarh,15-05-2016,KXP,SH,KXP,bat,normal,0,SH,0,7,HM Amla,"Punjab Cricket Association IS Bindra Stadium, Mohali",KN Ananthapadmanabhan,M Erasmus,
623,2016,Visakhapatnam,15-05-2016,MI,DD,DD,field,normal,0,MI,80,0,KH Pandya,Dr. Y.S. Rajasekhara Reddy ACA-VDCA Cricket Stadium,Nitin Menon,CK Nandan,
624,2016,Kolkata,16-05-2016,KKR,RCB,RCB,field,normal,0,RCB,0,9,V Kohli,Eden Gardens,CB Gaffaney,A Nand Kishore,
625,2016,Visakhapatnam,17-05-2016,DD,RPS,RPS,field,normal,1,RPS,19,0,AB Dinda,Dr. Y.S. Rajasekhara Reddy ACA-VDCA Cricket Stadium,Nitin Menon,C Shamshuddin,
626,2016,Bangalore,18-05-2016,RCB,KXP,KXP,field,normal,1,RCB,82,0,V Kohli,M Chinnaswamy Stadium,KN Ananthapadmanabhan,M Erasmus,
627,2016,Kanpur,19-05-2016,KKR,GL,GL,field,normal,0,GL,0,6,DR Smith,Green Park,AK Chaudhary,CK Nandan,
628,2016,Raipur,20-05-2016,SH,DD,DD,field,normal,0,DD,0,6,KK Nair,Shaheed Veer Narayan Singh International Stadium,A Nand Kishore,BNJ Oxenford,
629,2016,Visakhapatnam,21-05-2016,KXP,RPS,KXP,bat,normal,0,RPS,0,4,MS Dhoni,Dr. Y.S. Rajasekhara Reddy ACA-VDCA Cricket Stadium,HDPK Dharmasena,Nitin Menon,
630,2016,Kanpur,21-05-2016,MI,GL,GL,field,normal,0,GL,0,6,SK Raina,Green Park,AK Chaudhary,CK Nandan,
631,2016,Kolkata,22-05-2016,KKR,SH,SH,field,normal,0,KKR,22,0,YK Pathan,Eden Gardens,KN Ananthapadmanabhan,M Erasmus,
632,2016,Raipur,22-05-2016,DD,RCB,RCB,field,normal,0,RCB,0,6,V Kohli,Shaheed Veer Narayan Singh International Stadium,A Nand Kishore,BNJ Oxenford,
633,2016,Bangalore,24-05-2016,GL,RCB,RCB,field,normal,0,RCB,0,4,AB de Villiers,M Chinnaswamy Stadium,AK Chaudhary,HDPK Dharmasena,
634,2016,Delhi,25-05-2016,SH,KKR,KKR,field,normal,0,SH,22,0,MC Henriques,Feroz Shah Kotla,M Erasmus,C Shamshuddin,
635,2016,Delhi,27-05-2016,GL,SH,SH,field,normal,0,SH,0,4,DA Warner,Feroz Shah Kotla,M Erasmus,CK Nandan,
636,2016,Bangalore,29-05-2016,SH,RCB,SH,bat,normal,0,SH,8,0,BCJ Cutting,M Chinnaswamy Stadium,HDPK Dharmasena,BNJ Oxenford,
7894,2018,Mumbai,07-04-2018,MI,CSK,CSK,field,normal,0,CSK,0,1,DJ Bravo,Wankhede Stadium,Chris Gaffaney,A Nanda Kishore,Anil Chaudhary
7895,2018,Mohali,08-04-2018,DD,KXP,KXP,field,normal,0,KXP,0,6,KL Rahul,"Punjab Cricket Association IS Bindra Stadium, Mohali",Rod Tucker,K Ananthapadmanabhan,Nitin Menon
7896,2018,Kolkata,08-04-2018,RCB,KKR,KKR,field,normal,0,KKR,0,4,SP Narine,Eden Gardens,C Shamshuddin,A.D Deshmukh,S Ravi
7897,2018,Hyderabad,09-04-2018,RR,SH,SH,field,normal,0,SH,0,9,S Dhawan,"Rajiv Gandhi International Stadium, Uppal",Nigel Llong,Vineet Kulkarni,O Nandan
7898,2018,Chennai,10-04-2018,KKR,CSK,CSK,field,normal,0,CSK,0,5,SW Billings,"MA Chidambaram Stadium, Chepauk",Anil Chaudhary,Chris Gaffaney,A Nanda Kishore
7899,2018,Jaipur,11-04-2018,RR,DD,DD,field,normal,1,RR,10,0,SV Samson,Sawai Mansingh Stadium,K Ananthapadmanabhan,Rod Tucker,Nitin Menon
7900,2018,Hyderabad,12-04-2018,MI,SH,SH,field,normal,0,SH,0,1,Rashid Khan,"Rajiv Gandhi International Stadium, Uppal",O Nandan,Nigel Llong,Vineet Kulkarni
7901,2018,Bengaluru,13-04-2018,KXP,RCB,RCB,field,normal,0,RCB,0,4,UT Yadav,M Chinnaswamy Stadium,S Ravi,A.D Deshmukh,C Shamshuddin
7902,2018,Mumbai,14-04-2018,MI,DD,DD,field,normal,0,DD,0,7,JJ Roy,Wankhede Stadium,K Ananthapadmanabhan,Nitin Menon,Rod Tucker
7903,2018,Kolkata,14-04-2018,KKR,SH,SH,field,normal,0,SH,0,5,B Stanlake,Eden Gardens,A Nanda Kishore,Anil Chaudhary,Chris Gaffaney
7904,2018,Bengaluru,15-04-2018,RR,RCB,RCB,field,normal,0,RR,19,0,SV Samson,M Chinnaswamy Stadium,C Shamshuddin,S Ravi,A.D Deshmukh
7905,2018,Mohali,15-04-2018,KXP,CSK,CSK,field,normal,0,KXP,4,0,CH Gayle,"Punjab Cricket Association IS Bindra Stadium, Mohali",Vineet Kulkarni,O Nandan,Nigel Llong
7906,2018,Kolkata,16-04-2018,KKR,DD,DD,field,normal,0,KKR,71,0,N Rana,Eden Gardens,Anil Chaudhary,A Nanda Kishore,Chris Gaffaney
7907,2018,Mumbai,17-04-2018,MI,RCB,RCB,field,normal,0,MI,46,0,RG Sharma,Wankhede Stadium,Rod Tucker,Nitin Menon,K Ananthapadmanabhan
7908,2018,Jaipur,18-04-2018,RR,KKR,KKR,field,normal,0,KKR,0,7,N Rana,Sawai Mansingh Stadium,S Ravi,A.D Deshmukh,C Shamshuddin
7909,2018,Mohali,19-04-2018,KXP,SH,KXP,bat,normal,0,KXP,15,0,CH Gayle,"Punjab Cricket Association IS Bindra Stadium, Mohali",Nigel Llong,Anil Chaudhary,Vineet Kulkarni
7910,2018,Pune,20-04-2018,CSK,RR,RR,field,normal,0,CSK,64,0,SR Watson,Maharashtra Cricket Association Stadium,Nitin Menon,K Ananthapadmanabhan,Rod Tucker
7911,2018,Kolkata,21-04-2018,KKR,KXP,KXP,field,normal,1,KXP,0,9,KL Rahul,Eden Gardens,C Shamshuddin,A.D Deshmukh,S Ravi
7912,2018,Bengaluru,21-04-2018,DD,RCB,RCB,field,normal,0,RCB,0,6,AB de Villiers,M Chinnaswamy Stadium,Chris Gaffaney,O Nandan,A Nanda Kishore
7913,2018,Hyderabad,22-04-2018,CSK,SH,SH,field,normal,0,CSK,4,0,AT Rayudu,"Rajiv Gandhi International Stadium, Uppal",Anil Chaudhary,Vineet Kulkarni,Nigel Llong
7914,2018,Jaipur,22-04-2018,MI,RR,MI,bat,normal,0,RR,0,3,J Archer,Sawai Mansingh Stadium,Rod Tucker,K Ananthapadmanabhan,Nitin Menon
7915,2018,Delhi,23-04-2018,KXP,DD,DD,field,normal,0,KXP,4,0,AS Rajpoot,Feroz Shah Kotla,O Nandan,A Nanda Kishore,Chris Gaffaney
7916,2018,Mumbai,24-04-2018,SH,MI,MI,field,normal,0,SH,31,0,Rashid Khan,Wankhede Stadium,C Shamshuddin,S Ravi,A.D Deshmukh
7917,2018,Bengaluru,25-04-2018,RCB,CSK,CSK,field,normal,0,CSK,0,5,MS Dhoni,M Chinnaswamy Stadium,Nigel Llong,Virender Kumar Sharma,Anil Chaudhary
7918,2018,Hyderabad,26-04-2018,SH,KXP,KXP,field,normal,0,SH,13,0,AS Rajpoot,"Rajiv Gandhi International Stadium, Uppal",O Nandan,Yeshwant Barde,Rod Tucker
7919,2018,Delhi,27-04-2018,DD,KKR,KKR,field,normal,0,DD,55,0,SS Iyer,Feroz Shah Kotla,C Shamshuddin,S Ravi,A Nanda Kishore
7920,2018,Pune,28-04-2018,CSK,MI,MI,field,normal,0,MI,0,8,RG Sharma,Maharashtra Cricket Association Stadium,Chris Gaffaney,Nitin Menon,Anil Dandekar
7921,2018,Jaipur,29-04-2018,SH,RR,SH,bat,normal,0,SH,11,0,KS Williamson,Sawai Mansingh Stadium,Bruce Oxenford,A Nanda Kishore,S Ravi
7922,2018,Bengaluru,29-04-2018,RCB,KKR,KKR,field,normal,0,KKR,0,6,CA Lynn,M Chinnaswamy Stadium,Nigel Llong,Anil Chaudhary,Virender Kumar Sharma
7923,2018,Pune,30-04-2018,CSK,DD,DD,field,normal,0,CSK,13,0,SR Watson,Maharashtra Cricket Association Stadium,C Shamshuddin,Anil Dandekar,O Nandan
7924,2018,Bengaluru,01-05-2018,RCB,MI,MI,field,normal,0,RCB,14,0,TG Southee,M Chinnaswamy Stadium,Marais Erasmus,Nitin Menon,Yeshwant Barde
7925,2018,Delhi,02-05-2018,DD,RR,RR,field,normal,1,DD,4,0,RR Pant,Feroz Shah Kotla,O Nandan,Virender Kumar Sharma,Bruce Oxenford
7926,2018,Kolkata,03-05-2018,CSK,KKR,KKR,field,normal,0,KKR,0,6,SP Narine,Eden Gardens,Kumar Dharmasena,A.D Deshmukh,Anil Chaudhary
7927,2018,Indore,04-05-2018,KXP,MI,MI,field,normal,0,MI,0,6,AS Yadav,Holkar Cricket Stadium,S Ravi,Anil Dandekar,C Shamshuddin
7928,2018,Pune,05-05-2018,RCB,CSK,CSK,field,normal,0,CSK,0,6,RA Jadeja,Maharashtra Cricket Association Stadium,Nitin Menon,Yeshwant Barde,Marais Erasmus
7929,2018,Hyderabad,05-05-2018,DD,SH,DD,bat,normal,0,SH,0,7,Rashid Khan,"Rajiv Gandhi International Stadium, Uppal",Bruce Oxenford,O Nandan,Virender Kumar Sharma
7930,2018,Mumbai,06-05-2018,MI,KKR,KKR,field,normal,0,MI,13,0,HH Pandya,Wankhede Stadium,Kumar Dharmasena,A.D Deshmukh,Anil Chaudhary
7931,2018,Indore,06-05-2018,RR,KXP,KXP,field,normal,0,KXP,0,6,M Ur Rahman,Holkar Cricket Stadium,C Shamshuddin,S Ravi,Anil Dandekar
7932,2018,Hyderabad,07-05-2018,SH,RCB,RCB,field,normal,0,SH,5,0,KS Williamson,"Rajiv Gandhi International Stadium, Uppal",Bruce Oxenford,Virender Kumar Sharma,O Nandan
7933,2018,Jaipur,08-05-2018,RR,KXP,RR,bat,normal,0,RR,15,0,JC Buttler,Sawai Mansingh Stadium,Marais Erasmus,Nitin Menon,Yeshwant Barde
7934,2018,Kolkata,09-05-2018,MI,KKR,KKR,field,normal,0,MI,102,0,Ishan Kishan,Eden Gardens,Anil Chaudhary,K Ananthapadmanabhan,Kumar Dharmasena
7935,2018,Delhi,10-05-2018,DD,SH,DD,bat,normal,0,SH,0,9,S Dhawan,Feroz Shah Kotla,C Shamshuddin,Anil Dandekar,S Ravi
7936,2018,Jaipur,11-05-2018,CSK,RR,CSK,bat,normal,0,RR,0,4,JC Buttler,Sawai Mansingh Stadium,Marais Erasmus,Yeshwant Barde,Nitin Menon
7937,2018,Indore,12-05-2018,KKR,KXP,KXP,field,normal,0,KKR,31,0,SP Narine,Holkar Cricket Stadium,O Nandan,Virender Kumar Sharma,Bruce Oxenford
7938,2018,Delhi,12-05-2018,DD,RCB,RCB,field,normal,0,RCB,0,5,AB de Villiers,Feroz Shah Kotla,Kumar Dharmasena,Anil Chaudhary,K Ananthapadmanabhan
7939,2018,Pune,13-05-2018,SH,CSK,CSK,field,normal,0,CSK,0,8,AT Rayudu,Maharashtra Cricket Association Stadium,Marais Erasmus,Yeshwant Barde,Anil Dandekar
7940,2018,Mumbai,13-05-2018,MI,RR,RR,field,normal,0,RR,0,7,JC Buttler,Wankhede Stadium,Nitin Menon,S Ravi,C Shamshuddin
7941,2018,Indore,14-05-2018,KXP,RCB,RCB,field,normal,0,RCB,0,10,UT Yadav,Holkar Cricket Stadium,Bruce Oxenford,Virender Kumar Sharma,O Nandan
7942,2018,Kolkata,15-05-2018,RR,KKR,KKR,field,normal,0,KKR,0,6,Kuldeep Yadav,Eden Gardens,Kumar Dharmasena,Anil Chaudhary,Vineet Kulkarni
7943,2018,Mumbai,16-05-2018,MI,KXP,KXP,field,normal,0,MI,3,0,JJ Bumrah,Wankhede Stadium,Marais Erasmus,Nitin Menon,Yeshwant Barde
7944,2018,Bengaluru,17-05-2018,RCB,SH,SH,field,normal,0,RCB,14,0,AB de Villiers,M Chinnaswamy Stadium,S Ravi,Anil Dandekar,C Shamshuddin
7945,2018,Delhi,18-05-2018,DD,CSK,CSK,field,normal,0,DD,34,0,HV Patel,Feroz Shah Kotla,Kumar Dharmasena,Vineet Kulkarni,O Nandan
7946,2018,Jaipur,19-05-2018,RR,RCB,RR,bat,normal,0,RR,30,0,S Gopal,Sawai Mansingh Stadium,Bruce Oxenford,Virender Kumar Sharma,C Shamshuddin
7947,2018,Hyderabad,19-05-2018,SH,KKR,SH,bat,normal,0,KKR,0,5,CA Lynn,"Rajiv Gandhi International Stadium, Uppal",Anil Chaudhary,S Ravi,Anil Dandekar
7948,2018,Delhi,20-05-2018,DD,MI,DD,bat,normal,0,DD,11,0,A Mishra,Feroz Shah Kotla,Kumar Dharmasena,O Nandan,Vineet Kulkarni
7949,2018,Pune,20-05-2018,KXP,CSK,CSK,field,normal,0,CSK,0,5,L Ngidi,Maharashtra Cricket Association Stadium,Nitin Menon,Yeshwant Barde,Marais Erasmus
7950,2018,Mumbai,22-05-2018,SH,CSK,CSK,field,normal,0,CSK,0,2,F du Plessis,Wankhede Stadium,Marais Erasmus,C Shamshuddin,S Ravi
7951,2018,Kolkata,23-05-2018,KKR,RR,RR,field,normal,0,KKR,25,0,AD Russell,Eden Gardens,Nitin Menon,Anil Chaudhary,Kumar Dharmasena
7952,2018,Kolkata,25-05-2018,SH,KKR,KKR,field,normal,0,SH,14,0,Rashid Khan,Eden Gardens,Nitin Menon,Kumar Dharmasena,Anil Chaudhary
7953,2018,Mumbai,27-05-2018,SH,CSK,CSK,field,normal,0,CSK,0,8,SR Watson,Wankhede Stadium,Marais Erasmus,S Ravi,Nitin Menon
11137,2019,Chennai,23-03-2019,RCB,CSK,CSK,field,normal,0,CSK,0,7,Harbhajan Singh,M. A. Chidambaram Stadium,Bruce Oxenford,Anil Dandekar,Nitin Menon
11138,2019,Kolkata,24-03-2019,SH,KKR,KKR,field,normal,0,KKR,0,6,AD Russell,Eden Gardens,Chris Gaffaney,Anil Chaudhary,Vineet Kulkarni
11139,2019,Mumbai,24-03-2019,DC,MI,MI,field,normal,0,DC,37,0,RR Pant,Wankhede Stadium,S Ravi,Yeshwant Barde,O Nandan
11140,2019,Jaipur,25-03-2019,KXP,RR,RR,field,normal,0,KXP,14,0,CH Gayle,Sawai Mansingh Stadium,C Shamshuddin,KN Anantapadmanabhan,Bruce Oxenford
11141,2019,Delhi,26-03-2019,DC,CSK,DC,bat,normal,0,CSK,0,6,SR Watson,Feroz Shah Kotla Ground,Marais Erasmus,Nitin Menon,Anil Dandekar
11142,2019,Kolkata,27-03-2019,KKR,KXP,KXP,field,normal,0,KKR,28,0,AD Russell,Eden Gardens,Anil Chaudhary,Vineet Kulkarni,Chris Gaffaney
11143,2019,Bengaluru,28-03-2019,MI,RCB,RCB,field,normal,0,MI,6,0,JJ Bumrah,M. Chinnaswamy Stadium,S Ravi,O Nandan,Yeshwant Barde
11144,2019,Hyderabad,29-03-2019,RR,SH,RR,bat,normal,0,SH,0,5,Rashid Khan,Rajiv Gandhi Intl. Cricket Stadium,Bruce Oxenford,C Shamshuddin,KN Anantapadmanabhan
11145,2019,Mohali,30-03-2019,MI,KXP,KXP,field,normal,0,KXP,0,8,MA Agarwal,IS Bindra Stadium,Vineet Kulkarni,Chris Gaffaney,Anil Chaudhary
11146,2019,Delhi,30-03-2019,KKR,DC,DC,field,tie,0,DC,0,0,P Shaw,Feroz Shah Kotla Ground,Anil Dandekar,Nitin Menon,Marais Erasmus
11147,2019,Hyderabad,31-03-2019,SH,RCB,RCB,field,normal,0,SH,118,0,J Bairstow,Rajiv Gandhi Intl. Cricket Stadium,S Ravi,KN Anantapadmanabhan,C Shamshuddin
11148,2019,Chennai,31-03-2019,CSK,RR,RR,field,normal,0,CSK,8,0,MS Dhoni,M. A. Chidambaram Stadium,O Nandan,Yeshwant Barde,Bruce Oxenford
11149,2019,Mohali,01-04-2019,KXP,DC,DC,field,normal,0,KXP,14,0,S Curran,IS Bindra Stadium,Anil Chaudhary,Chris Gaffaney,Vineet Kulkarni
11150,2019,Jaipur,02-04-2019,RCB,RR,RR,field,normal,0,RR,0,7,S Gopal,Sawai Mansingh Stadium,Marais Erasmus,Anil Dandekar,Nitin Menon
11151,2019,Mumbai,03-04-2019,MI,CSK,CSK,field,normal,0,MI,37,0,HH Pandya,Wankhede Stadium,Bruce Oxenford,Rod Tucker,Yeshwant Barde
11152,2019,Delhi,04-04-2019,DC,SH,SH,field,normal,0,SH,0,5,J Bairstow,Feroz Shah Kotla Ground,C Shamshuddin,KN Anantapadmanabhan,S Ravi
11153,2019,Bengaluru,05-04-2019,RCB,KKR,KKR,field,normal,0,KKR,0,5,AD Russell,M. Chinnaswamy Stadium,Anil Chaudhary,Chris Gaffaney,O Nandan
11309,2019,Chennai,06-04-2019,CSK,KXP,CSK,bat,normal,0,CSK,22,0,Harbhajan Singh,M. A. Chidambaram Stadium,KN Ananthapadmanabhan,Rod Tucker,C Shamshuddin
11310,2019,Hyderabad,06-04-2019,MI,SH,SH,field,normal,0,MI,40,0,A Joseph,Rajiv Gandhi Intl. Cricket Stadium,Anil Dandekar,Nitin Menon,Marais Erasmus
11311,2019,Bengaluru,07-04-2019,RCB,DC,DC,field,normal,0,DC,0,4,K Rabada,M. Chinnaswamy Stadium,S Ravi,Yeshwant Barde,O Nandan
11312,2019,Jaipur,07-04-2019,RR,KKR,KKR,field,normal,0,KKR,0,8,H Gurney,Sawai Mansingh Stadium,Chris Gaffaney,Anil Chaudhary,Bruce Oxenford
11313,2019,Mohali,08-04-2019,SH,KXP,KXP,field,normal,0,KXP,0,6,KL Rahul,IS Bindra Stadium,Marais Erasmus,Anil Dandekar,Nitin Menon
11314,2019,Chennai,09-04-2019,KKR,CSK,CSK,field,normal,0,CSK,0,7,DL Chahar,M. A. Chidambaram Stadium,Rod Tucker,C Shamshuddin,Ulhas Gandhe
11315,2019,Mumbai,10-04-2019,KXP,MI,MI,field,normal,0,MI,0,3,KA Pollard,Wankhede Stadium,Yeshwant Barde,S Ravi,O Nandan
11316,2019,Jaipur,11-04-2019,RR,CSK,CSK,field,normal,0,CSK,0,4,MS Dhoni,Sawai Mansingh Stadium,Bruce Oxenford,Ulhas Gandhe,Chris Gaffaney
11317,2019,Kolkata,12-04-2019,KKR,DC,DC,field,normal,0,DC,0,7,S Dhawan,Eden Gardens,Yeshwant Barde,O Nandan,Rod Tucker
11318,2019,Mumbai,13-04-2019,MI,RR,RR,field,normal,0,RR,0,4,JC Buttler,Wankhede Stadium,Nitin Menon,Nanda Kishore,Marais Erasmus
11319,2019,Mohali,13-04-2019,KXP,RCB,RCB,field,normal,0,RCB,0,8,AB de Villiers,IS Bindra Stadium,S Ravi,Ulhas Gandhe,Nigel Llong
11320,2019,Kolkata,14-04-2019,KKR,CSK,CSK,field,normal,0,CSK,0,5,Imran Tahir,Eden Gardens,Rod Tucker,O Nandan,Yeshwant Barde
11321,2019,Hyderabad,14-04-2019,DC,SH,SH,field,normal,0,DC,39,0,K Paul,Rajiv Gandhi Intl. Cricket Stadium,Anil Chaudhary,Bruce Oxenford,Chris Gaffaney
11322,2019,Mumbai,15-04-2019,RCB,MI,MI,field,normal,0,MI,0,5,SL Malinga,Wankhede Stadium,Marais Erasmus,Nitin Menon,Nanda Kishore
11323,2019,Mohali,16-04-2019,KXP,RR,RR,field,normal,0,KXP,12,0,R Ashwin,IS Bindra Stadium,Anil Chaudhary,Vineet Kulkarni,S Ravi
11324,2019,Hyderabad,17-04-2019,CSK,SH,CSK,bat,normal,0,SH,0,6,DA Warner,Rajiv Gandhi Intl. Cricket Stadium,Ian Gould,Ulhas Gandhe,C Shamshuddin
11325,2019,Delhi,18-04-2019,MI,DC,MI,bat,normal,0,MI,40,0,HH Pandya,Feroz Shah Kotla Ground,Nigel Llong,Bruce Oxenford,Anil Chaudhary
11326,2019,Kolkata,19-04-2019,RCB,KKR,KKR,field,normal,0,RCB,10,0,V Kohli,Eden Gardens,Ian Gould,Nitin Menon,Anil Dandekar
11327,2019,Jaipur,20-04-2019,MI,RR,RR,field,normal,0,RR,0,5,SPD Smith,Sawai Mansingh Stadium,S Ravi,Yeshwant Barde,O Nandan
11328,2019,Delhi,20-04-2019,KXP,DC,DC,field,normal,0,DC,0,5,SS Iyer,Feroz Shah Kotla Ground,Ulhas Gandhe,C Shamshuddin,Bruce Oxenford
11329,2019,Hyderabad,21-04-2019,KKR,SH,SH,field,normal,0,SH,0,9,K Ahmed,Rajiv Gandhi Intl. Cricket Stadium,Nitin Menon,Nigel Llong,Ian Gould
11330,2019,Bengaluru,21-04-2019,RCB,CSK,CSK,field,normal,0,RCB,1,0,PA Patel,M. Chinnaswamy Stadium,Vineet Kulkarni,Rod Tucker,Anil Chaudhary
11331,2019,Jaipur,22-04-2019,RR,DC,DC,field,normal,0,DC,0,6,RR Pant,Sawai Mansingh Stadium,S Ravi,Nanda Kishore,Yeshwant Barde
11332,2019,Chennai,23-04-2019,SH,CSK,CSK,field,normal,0,CSK,0,6,SR Watson,M. A. Chidambaram Stadium,Nigel Llong,Anil Chaudhary,Vineet Kulkarni
11333,2019,Bengaluru,24-04-2019,RCB,KXP,KXP,field,normal,0,RCB,17,0,AB de Villiers,M. Chinnaswamy Stadium,Bruce Oxenford,C Shamshuddin,Rod Tucker
11334,2019,Kolkata,25-04-2019,KKR,RR,RR,field,normal,0,RR,0,3,VR Aaron,Eden Gardens,Ian Gould,Anil Dandekar,Nitin Menon
11335,2019,Chennai,26-04-2019,MI,CSK,CSK,field,normal,0,MI,46,0,RG Sharma,M. A. Chidambaram Stadium,Nigel Llong,Anil Chaudhary,Vineet Kulkarni
11336,2019,Jaipur,27-04-2019,SH,RR,RR,field,normal,0,RR,0,7,JD Unadkat,Sawai Mansingh Stadium,Yeshwant Barde,Nand Kishore,Sundaram Ravi
11337,2019,Delhi,28-04-2019,DC,RCB,DC,bat,normal,0,DC,16,0,S Dhawan,Feroz Shah Kotla Ground,Bruce Oxenford,KN Ananthapadmanabhan,C Shamshuddin
11338,2019,Kolkata,28-04-2019,KKR,MI,MI,field,normal,0,KKR,34,0,AD Russell,Eden Gardens,Ian Gould,Nitin Menon,Anil Dandekar
11339,2019,Hyderabad,29-04-2019,SH,KXP,KXP,field,normal,0,SH,45,0,DA Warner,Rajiv Gandhi Intl. Cricket Stadium,S Ravi,O Nandan,Nanda Kishore
11340,2019,Bengaluru,30-04-2019,RCB,RR,RR,field,no result,0,,0,0,,M. Chinnaswamy Stadium,Nigel Llong,Ulhas Gandhe,Anil Chaudhary
11341,2019,Chennai,01-05-2019,CSK,DC,DC,field,normal,0,CSK,80,0,MS Dhoni,M. A. Chidambaram Stadium,Anil Dandekar,Nitin Menon,Ian Gould
11342,2019,Mumbai,02-05-2019,MI,SH,MI,bat,tie,0,MI,0,0,JJ Bumrah,Wankhede Stadium,S Ravi,O Nandan,Nanda Kishore
11343,2019,Mohali,03-05-2019,KXP,KKR,KKR,field,normal,0,KKR,0,7,S Gill,IS Bindra Stadium,Bruce Oxenford,C Shamshuddin,KN Ananthapadmanabhan
11344,2019,Delhi,04-05-2019,RR,DC,RR,bat,normal,0,DC,0,5,A Mishra,Feroz Shah Kotla Ground,Ian Gould,Anil Dandekar,Nitin Menon
11345,2019,Bengaluru,04-05-2019,SH,RCB,RCB,field,normal,0,RCB,0,4,S Hetmyer,M. Chinnaswamy Stadium,Nigel Llong,Anil Chaudhary,Ulhas Gandhe
11346,2019,Mohali,05-05-2019,CSK,KXP,KXP,field,normal,0,KXP,0,6,KL Rahul,IS Bindra Stadium,KN Ananthapadmanabhan,C Shamshuddin,Bruce Oxenford
11347,2019,Mumbai,05-05-2019,KKR,MI,MI,field,normal,0,MI,0,9,HH Pandya,Wankhede Stadium,Nanda Kishore,O Nandan,S Ravi
11412,2019,Chennai,07-05-2019,CSK,MI,CSK,bat,normal,0,MI,0,6,AS Yadav,M. A. Chidambaram Stadium,Nigel Llong,Nitin Menon,Ian Gould
11413,2019,Visakhapatnam,08-05-2019,SH,DC,DC,field,normal,0,DC,0,2,RR Pant,ACA-VDCA Stadium,,,
11414,2019,Visakhapatnam,10-05-2019,DC,CSK,CSK,field,normal,0,CSK,0,6,F du Plessis,ACA-VDCA Stadium,Sundaram Ravi,Bruce Oxenford,Chettithody Shamshuddin
11415,2019,Hyderabad,12-05-2019,MI,CSK,MI,bat,normal,0,MI,1,0,JJ Bumrah,Rajiv Gandhi Intl. Cricket Stadium,Nitin Menon,Ian Gould,Nigel Llong
